Country,ID
United States,1
United Kingdom,1
United States,2
United States,3
United States,4
Italy,5
Spain,5
West Germany,5
United States,6
United Kingdom,7
France,7
Poland,7
Germany,7
United States,8
United States,9
Germany,10
United States,10
United States,11
India,12
Mexico,13
Spain,13
Ireland,14
Canada,14
United Kingdom,14
United States,14
United Kingdom,15
Italy,16
United States,16
United States,17
United States,18
United Kingdom,19
United States,19
Australia,19
United States,20
United States,21
United States,22
United States,23
United States,24
United Kingdom,25
United Kingdom,26
United States,26
United States,27
South Africa,28
United States,28
New Zealand,28
Canada,28
United States,29
United Kingdom,30
United States,30
United Kingdom,31
United States,31
United States,32
South Korea,33
United States,34
India,35
Spain,36
United States,37
United States,38
Australia,38
India,39
United States,40
United States,41
France,41
United States,42
United States,43
Hong Kong,44
China,44
United States,45
United Kingdom,46
Japan,46
United States,46
United States,47
United Kingdom,48
France,48
United States,48
United States,49
United Kingdom,49
Canada,49
Japan,49
United States,50
United States,51
France,52
Belgium,52
United States,52
United States,53
United States,54
United States,55
East Germany,55
West Germany,55
Belgium,55
United States,56
United States,57
Japan,58
United States,59
United Kingdom,60
United States,60
France,60
United States,61
United States,62
United States,63
Sweden,64
United Kingdom,64
Finland,64
United States,65
United States,66
China,67
Canada,67
United States,67
United States,68
United States,69
Spain,70
Ireland,71
Denmark,71
Belgium,71
Luxembourg,71
France,71
United States,72
United States,73
United Kingdom,74
Hong Kong,75
China,75
United States,75
France,76
Belgium,76
Spain,76
Mexico,77
United States,78
United States,79
United States,80
China,80
United States,81
India,82
Canada,83
United States,83
India,83
United States,84
United Kingdom,85
Italy,85
United States,86
New Zealand,86
Japan,86
United States,87
United States,88
India,89
Austria,90
United States,90
United States,91
United Kingdom,92
Canada,92
United States,92
Spain,93
South Korea,94
United States,94
United Kingdom,95
United States,95
United States,96
United Kingdom,96
Australia,96
United States,97
United States,98
United States,99
United Kingdom,99
United States,100
United Kingdom,101
France,101
Belgium,101
Canada,101
United States,101
United Kingdom,102
United States,102
United Kingdom,103
United States,103
United States,104
United States,105
United States,106
Hong Kong,107
China,107
France,108
Canada,108
Italy,108
United States,108
United States,109
India,110
United States,111
United Kingdom,111
India,112
United States,113
Ireland,114
United Kingdom,114
Greece,114
France,114
Netherlands,114
United States,114
United States,115
India,116
United States,117
United States,118
United States,119
United States,120
South Korea,121
Japan,121
United States,122
New Zealand,122
United Kingdom,122
United States,123
Japan,124
United States,125
United States,126
Thailand,127
United Kingdom,128
United States,129
United States,130
Mexico,130
United States,131
Switzerland,132
France,132
Canada,133
United States,133
India,134
United States,135
United States,136
United States,137
United Kingdom,138
United States,138
United States,139
United States,140
United Kingdom,141
United States,141
United States,142
United Kingdom,143
United States,144
United States,145
United States,146
France,146
United States,147
Germany,147
France,148
United States,148
Mexico,148
Morocco,148
Sweden,149
Germany,149
France,149
Denmark,149
United States,149
United States,150
Canada,151
United States,151
India,152
France,153
United Kingdom,153
Germany,153
Canada,154
United States,154
India,155
India,156
United States,157
United Kingdom,158
United States,159
United Kingdom,160
United States,160
France,161
Australia,162
Japan,163
United Kingdom,164
United Kingdom,165
Congo,165
Germany,166
United States,166
United States,167
United States,168
United Kingdom,168
France,168
United Kingdom,169
Hungary,169
United States,169
Australia,169
Ireland,170
Canada,170
Luxembourg,170
United States,170
United Kingdom,170
Philippines,170
India,170
United Kingdom,171
Malawi,171
India,172
Ireland,173
United Kingdom,173
United States,174
India,175
United Kingdom,176
United States,176
Canada,177
United States,177
Australia,178
United States,179
Germany,179
Mexico,179
United States,180
United States,181
United Kingdom,182
United States,182
United States,183
Germany,183
United Kingdom,184
Ukraine,184
United States,184
United States,185
United Kingdom,186
Japan,186
United States,187
India,187
United States,188
United States,189
United States,190
United Arab Emirates,190
United States,191
India,192
Hungary,193
United States,194
United States,195
Canada,195
United Kingdom,195
United States,196
United Kingdom,196
United States,197
United Kingdom,198
China,198
United States,198
United Kingdom,199
United States,199
Germany,199
Denmark,199
Belgium,199
Japan,199
United Kingdom,200
United States,201
United States,202
United States,203
India,204
United States,205
United States,206
United States,207
India,208
United States,209
Sweden,209
Japan,210
United States,211
United States,212
United Kingdom,212
France,212
United States,213
United States,214
France,214
Japan,214
United States,215
United Kingdom,216
Ireland,216
Canada,217
Spain,217
France,217
Spain,218
United States,219
United States,220
United Kingdom,221
France,221
United States,221
United States,222
United States,223
United States,224
United States,225
United Kingdom,226
Jordan,226
Qatar,226
Iran,226
United States,227
United Kingdom,228
Norway,228
Denmark,228
Germany,228
Sweden,228
United States,229
United Kingdom,229
United Kingdom,230
United Kingdom,231
Indonesia,232
United States,232
France,233
India,234
United States,235
Canada,236
United States,237
United States,238
India,238
United Arab Emirates,238
Argentina,239
Spain,239
United States,240
United States,241
United States,242
United States,243
United States,244
United Kingdom,244
Germany,244
Hungary,244
Romania,245
United States,246
France,247
United Kingdom,248
France,248
United States,248
Belgium,248
Canada,249
United States,249
United Kingdom,249
United Kingdom,250
Italy,251
United States,252
United States,253
United States,254
United States,255
United Kingdom,256
New Zealand,256
United States,257
United States,258
United States,259
China,260
Hong Kong,260
United States,261
United Kingdom,261
Canada,261
Canada,262
United States,263
United States,264
United Kingdom,265
United States,265
United States,266
India,267
United States,268
United States,269
United Kingdom,269
Germany,269
United States,270
United Kingdom,270
Canada,271
United States,271
United States,272
Canada,272
United States,273
United States,274
United States,275
United States,276
United States,277
United States,278
United States,279
Japan,279
United Kingdom,280
Brazil,281
United States,282
Switzerland,283
United Kingdom,283
United States,284
United Kingdom,285
United States,286
South Korea,286
Japan,286
United States,287
Germany,288
Canada,288
United States,288
United States,289
United States,290
United States,291
United States,292
United Kingdom,293
France,293
Belgium,293
United States,293
France,294
Canada,294
Belgium,294
United States,295
United Kingdom,296
France,296
United States,296
Brazil,297
United States,298
United States,299
Germany,299
United Kingdom,299
United States,300
India,301
United States,302
Uruguay,303
Spain,303
Argentina,303
France,303
Germany,303
Italy,304
Switzerland,304
France,304
Germany,304
United States,305
United States,306
United States,307
United States,308
United States,309
United States,310
United Kingdom,310
Japan,310
United States,311
Canada,312
United States,312
United States,313
Finland,314
United States,314
United States,315
India,316
United Kingdom,317
United States,317
United Kingdom,318
Belgium,318
Sweden,318
India,319
United States,320
Saudi Arabia,321
Netherlands,321
Germany,321
Jordan,321
United Arab Emirates,321
United States,321
United States,322
United States,323
United States,324
United States,325
Norway,326
Iceland,326
United States,326
United States,327
Canada,328
Mexico,328
Germany,328
South Africa,328
United States,329
United States,330
United States,331
United States,332
United States,333
United States,334
India,335
United States,336
United Kingdom,337
United States,338
United States,339
United States,340
United States,341
United Kingdom,342
United States,343
United States,344
United States,345
Australia,346
Spain,347
Mexico,347
France,347
United States,348
United Kingdom,348
Japan,349
United Kingdom,350
Cambodia,351
United States,351
China,352
United States,353
United States,354
United States,355
United States,357
United Kingdom,358
United States,358
United States,359
Australia,360
United States,361
United States,362
Taiwan,363
United Kingdom,364
United States,364
United States,365
Israel,366
Germany,366
Mexico,367
United States,368
Belgium,369
Netherlands,369
United States,370
India,371
India,372
United Kingdom,372
Canada,372
United States,372
United Kingdom,373
United States,373
India,374
India,375
Ireland,376
Germany,377
United Kingdom,377
France,378
Switzerland,378
Spain,378
United States,378
United Arab Emirates,378
United Kingdom,379
Canada,379
United States,380
United States,381
United States,382
Germany,383
United States,383
United States,384
Hungary,384
United States,385
United States,386
Philippines,387
United States,388
United Kingdom,389
Italy,389
France,389
United States,389
United Kingdom,390
United States,391
France,392
United States,393
United States,394
Germany,394
United States,395
Argentina,395
Uruguay,396
Argentina,396
Germany,396
Spain,396
Australia,397
United States,398
United States,399
United States,400
United States,401
United States,402
France,403
Georgia,404
Germany,404
France,404
United States,405
India,406
United States,407
Canada,408
United States,409
United States,410
United Kingdom,411
France,411
Ireland,412
South Africa,412
United States,413
Germany,413
United Kingdom,413
Italy,413
United States,414
South Korea,414
United States,415
United States,416
United States,417
Spain,418
France,418
Italy,418
Argentina,418
Germany,418
United Kingdom,419
Canada,420
Ireland,420
United States,420
United States,421
United Kingdom,422
United States,422
United Kingdom,423
France,423
Canada,423
Belgium,423
United States,423
United States,424
United States,425
China,426
Canada,426
United States,426
United States,427
France,428
Qatar,428
United States,429
United Kingdom,429
United States,430
Canada,430
India,431
Canada,432
United Kingdom,432
Netherlands,432
United States,433
India,434
India,435
United States,436
Australia,437
United States,437
United States,438
United States,439
Canada,440
United Kingdom,441
Russia,441
United States,441
Australia,442
United Kingdom,443
United States,443
United States,444
United States,445
India,446
India,447
United States,448
United Kingdom,449
Canada,449
United States,449
United States,450
United States,451
United States,452
United Kingdom,453
United States,453
United States,454
United States,455
United States,456
United Kingdom,457
United States,457
Hong Kong,458
China,458
United States,459
United States,460
United States,461
United States,462
United States,463
United States,464
United States,465
United States,466
United States,467
United States,468
United States,469
Hong Kong,470
China,470
Chile,471
Argentina,471
France,471
Spain,471
United States,471
United States,472
United Kingdom,472
Germany,473
United States,473
Canada,473
United States,474
United States,475
United States,476
Germany,476
India,477
United States,478
United States,479
United States,480
Canada,480
United States,481
Germany,482
Australia,482
United States,483
United States,484
Russia,485
United States,486
New Zealand,486
India,487
United States,488
United States,489
United States,490
United States,491
Australia,491
United Kingdom,492
Brazil,492
Germany,492
Spain,493
Germany,494
United States,494
United States,495
United States,496
India,497
Japan,498
United States,499
United States,500
United Kingdom,501
United States,502
United States,503
United States,504
Ireland,505
United States,505
India,506
Germany,507
United States,507
United States,508
France,509
Australia,510
United States,511
China,511
United Kingdom,511
United States,512
United Kingdom,512
United States,513
India,514
France,515
Belgium,515
Luxembourg,515
Romania,515
Canada,515
United States,515
United States,516
United States,517
Israel,517
United Kingdom,517
Canada,517
United States,518
China,520
Canada,521
United States,522
United States,523
Sweden,523
United States,524
United States,525
United Kingdom,525
Pakistan,526
Norway,526
United States,526
United States,527
India,528
United States,529
United States,530
United States,531
United States,532
United Kingdom,533
United States,533
Spain,534
France,534
United States,535
United States,536
India,537
India,538
United Kingdom,539
United States,541
United States,542
United States,543
United States,544
United States,545
United States,546
United States,547
India,548
United States,549
United States,550
Canada,551
United States,552
Germany,553
France,553
Luxembourg,553
United Kingdom,553
United Kingdom,554
United States,555
United States,556
United States,557
United States,558
United States,559
United States,560
Canada,561
United States,562
France,563
Australia,563
Germany,563
United Kingdom,563
United States,563
Mexico,563
Canada,563
United States,564
India,565
United States,566
United States,567
Denmark,567
Germany,568
France,568
United Kingdom,568
Canada,568
United States,568
Spain,569
United States,570
United States,571
United States,572
United States,573
Japan,574
Sweden,575
United States,575
United States,576
Israel,577
United States,577
United States,578
Argentina,579
Spain,579
United States,580
United States,581
United States,582
Japan,583
United States,584
United States,585
Australia,586
Canada,587
United States,587
China,588
Morocco,588
Hong Kong,588
United States,589
United States,590
United States,591
Italy,592
United States,592
United States,593
United States,594
Argentina,595
United States,596
United States,597
United States,598
Netherlands,599
Belgium,599
Germany,599
Jordan,599
Australia,600
United States,601
United States,602
India,603
Denmark,604
United Kingdom,605
India,606
United States,607
United States,608
India,609
United Kingdom,610
United States,611
Philippines,612
United States,613
United Kingdom,614
France,614
Australia,615
United Kingdom,615
Canada,615
Germany,616
United States,616
Italy,617
United States,618
India,619
Australia,620
United States,620
India,621
France,622
Iran,622
United States,622
Japan,623
United States,624
United States,625
India,626
India,627
United States,628
United States,629
United States,630
United States,631
China,632
Japan,632
United States,633
United States,634
Germany,634
United States,635
United Kingdom,636
France,636
Germany,636
United States,636
Japan,637
United States,638
United States,639
United States,640
United States,641
India,642
United States,643
United States,644
United States,645
United States,646
United States,647
United States,648
United States,649
United States,650
Iraq,651
Libya,651
Liberia,651
United States,651
United States,652
United States,653
India,654
Canada,655
Turkey,656
France,657
Belgium,657
United States,658
United Kingdom,659
China,659
United States,659
India,660
United States,661
Denmark,662
India,663
India,664
United States,665
United States,666
Cambodia,666
Canada,667
India,668
United States,669
Qatar,670
France,670
Lebanon,670
Canada,670
United States,670
United States,671
Canada,672
United States,673
United States,674
Canada,675
United States,676
United States,677
United Kingdom,678
Israel,679
Germany,679
France,679
France,680
India,681
United States,682
United States,683
United States,684
United Arab Emirates,684
United States,685
United States,686
Australia,687
United States,688
Canada,689
United States,690
Ghana,691
United States,691
United States,692
United States,693
United States,694
United States,695
United States,696
Canada,697
United States,698
United States,699
United States,700
United States,701
Canada,701
United States,702
Canada,702
India,703
India,704
United States,705
United States,706
United States,707
Japan,708
United States,709
China,709
Hong Kong,709
United States,710
United Kingdom,711
United States,712
Canada,712
France,712
United States,713
United Kingdom,714
United Kingdom,715
United States,715
United States,716
Canada,716
United States,717
United States,718
United States,719
United States,720
United States,722
Spain,723
United States,724
United States,725
United States,726
United States,727
United States,728
United States,729
United States,730
United States,731
South Korea,732
China,732
United States,732
United States,733
United States,734
United States,735
Mexico,736
United Kingdom,737
France,737
United States,737
India,738
India,739
New Zealand,740
United Kingdom,740
Germany,741
United States,741
United States,742
India,743
Canada,744
United States,745
Canada,745
France,745
United States,746
United Arab Emirates,747
United States,747
United States,748
United States,749
United States,750
United States,751
United States,752
United States,753
United States,754
Canada,755
United States,755
United States,756
Spain,757
France,757
United States,758
China,759
Hong Kong,759
United Kingdom,760
United States,760
India,761
Saudi Arabia,762
United States,763
Australia,763
United States,764
Ireland,765
India,766
United States,767
United States,768
United States,769
United States,770
Indonesia,771
South Korea,772
United States,772
Russia,773
Poland,773
Serbia,773
United States,774
Australia,774
Spain,775
Thailand,776
United States,777
United States,778
United States,779
United States,780
United States,781
Jamaica,782
United States,782
Spain,783
United States,784
Mexico,784
United States,785
France,786
Italy,787
New Zealand,788
United States,789
United States,790
United States,791
United States,792
United States,793
United States,794
Germany,795
France,795
United States,795
Canada,795
United Kingdom,795
China,795
Ireland,796
India,797
United States,798
Brazil,798
United States,799
India,800
United States,801
United States,802
Germany,803
India,804
United Kingdom,805
Denmark,805
Canada,805
Croatia,805
United States,806
United States,807
United Arab Emirates,807
Germany,808
United States,809
India,810
South Korea,811
Canada,812
Canada,813
Germany,813
France,813
United States,813
United States,814
Germany,815
United States,815
United States,816
United States,817
Australia,818
United States,819
United States,820
United States,821
United States,822
United Kingdom,822
France,822
Germany,822
Japan,822
Japan,823
Argentina,824
United States,825
France,825
Italy,825
United Kingdom,825
United States,826
United States,827
United States,828
United States,829
Germany,830
Hong Kong,831
United States,832
United Kingdom,832
United States,833
United States,834
United Arab Emirates,834
India,835
United States,836
United States,837
India,838
United States,839
United States,840
Japan,841
Spain,842
United Kingdom,843
Germany,843
United States,844
United States,845
India,846
Canada,847
United States,848
Turkey,849
Turkey,850
United Kingdom,852
Canada,852
United States,852
United States,853
United Kingdom,854
France,854
Germany,854
India,855
United States,856
United States,857
United Kingdom,858
France,858
United States,858
United States,859
United States,860
United States,861
United States,862
United States,863
United States,864
India,865
United States,866
Canada,867
United States,868
United Kingdom,869
Namibia,869
South Africa,869
Zimbabwe,869
United States,869
United States,870
India,871
Switzerland,872
Holy See (Vatican City State),872
Italy,872
Germany,872
France,872
United States,873
Australia,874
Japan,875
Pakistan,876
Hong Kong,877
China,877
Singapore,877
Spain,878
Thailand,879
China,879
United States,879
United States,880
United States,881
India,882
United States,883
United Kingdom,883
France,883
United States,885
United Kingdom,886
Canada,886
Japan,886
India,887
India,888
United States,889
France,890
France,891
United Kingdom,891
United Kingdom,892
China,892
Canada,892
Indonesia,892
Singapore,892
United States,892
Germany,893
United States,893
United States,894
United States,895
United States,896
United Kingdom,897
Australia,897
United States,897
United Kingdom,898
Australia,898
United States,898
India,899
Japan,900
United States,901
Germany,901
Canada,901
United Kingdom,901
Italy,901
France,901
India,902
United States,903
United Kingdom,903
United Kingdom,904
United States,905
United States,906
United States,907
India,908
Australia,909
United States,910
United States,911
United Kingdom,911
Spain,911
South Korea,911
Canada,912
Mexico,913
India,914
United Kingdom,915
United States,915
South Korea,917
Spain,918
Bulgaria,918
United Kingdom,919
United States,920
Australia,920
Mexico,920
India,921
United States,922
United States,923
United Kingdom,924
Mexico,925
Spain,925
Denmark,926
United States,926
United States,927
Germany,928
United States,928
Canada,928
United States,929
Canada,929
Ireland,929
India,930
United States,931
China,931
United States,932
Canada,932
United States,933
United States,934
Israel,935
United Kingdom,936
United States,936
Argentina,937
France,938
Senegal,938
Belgium,938
United States,939
United States,940
United Kingdom,940
United States,941
United States,942
India,943
Japan,944
United States,945
India,946
United States,947
India,948
United Kingdom,949
United States,949
United States,950
United States,951
United States,952
United States,953
United States,954
United States,955
United States,956
United States,957
India,958
Netherlands,959
United States,959
United States,960
United States,961
China,962
Hong Kong,962
United States,964
Italy,965
United States,966
United States,967
India,968
United States,969
Mexico,970
United States,970
United Kingdom,971
South Africa,971
United Arab Emirates,971
United States,972
United States,973
United States,974
United Kingdom,975
India,976
United States,977
United States,978
Indonesia,978
Australia,979
India,980
Australia,981
United States,981
Italy,982
United States,983
India,984
India,985
United States,986
United States,987
India,988
United States,989
United States,990
United States,991
United Kingdom,991
Bulgaria,992
United States,992
United States,993
United States,994
Philippines,995
Canada,996
United States,996
United States,997
United States,998
United Kingdom,999
United States,1000
France,1001
Germany,1001
Italy,1001
Canada,1002
United States,1003
Israel,1004
United States,1004
United States,1005
Japan,1005
United States,1006
United States,1007
United States,1008
United States,1009
Spain,1010
United States,1011
Turkey,1012
United States,1013
Spain,1014
United States,1015
United States,1016
Japan,1017
United States,1018
United States,1019
United States,1020
Canada,1021
United States,1021
Turkey,1022
United States,1023
United States,1024
Spain,1025
Colombia,1025
United States,1026
United States,1027
United States,1028
Japan,1029
China,1030
Hong Kong,1030
United States,1031
United States,1032
Canada,1033
Norway,1033
United States,1034
United States,1035
Canada,1036
United States,1037
United States,1038
United States,1039
United States,1040
Japan,1041
United States,1041
United States,1042
United States,1043
United States,1044
United States,1045
Spain,1045
Italy,1045
United States,1046
United States,1047
United States,1048
United States,1049
Hong Kong,1050
India,1051
South Africa,1052
China,1052
United States,1052
Germany,1053
Canada,1054
United States,1054
United States,1055
United Kingdom,1056
Germany,1056
Canada,1056
United States,1057
Canada,1057
United States,1058
United States,1059
Canada,1060
United States,1060
India,1061
United States,1062
Philippines,1063
United States,1064
Poland,1065
United States,1065
United States,1066
India,1067
United Kingdom,1068
United States,1068
India,1069
Hong Kong,1070
Taiwan,1070
United States,1071
United Kingdom,1072
United States,1073
United States,1074
India,1075
United States,1076
United States,1077
Canada,1078
United States,1078
United Kingdom,1078
United States,1079
United States,1080
Japan,1081
Japan,1082
Philippines,1083
Japan,1084
United States,1085
Germany,1086
Pakistan,1087
Turkey,1088
India,1089
United Kingdom,1090
Germany,1090
United States,1091
United States,1092
Turkey,1093
Mexico,1094
India,1095
India,1096
Canada,1097
United States,1098
Japan,1099
France,1100
United States,1101
United Kingdom,1101
France,1101
United States,1102
United Kingdom,1103
United States,1104
Belgium,1105
France,1105
India,1106
Slovenia,1107
Croatia,1107
Germany,1107
Czech Republic,1107
Qatar,1107
United States,1108
Thailand,1109
India,1110
Netherlands,1111
Belgium,1111
United States,1112
Mexico,1113
United States,1113
United Kingdom,1114
United States,1114
Canada,1115
India,1116
India,1117
United States,1118
Spain,1119
Spain,1120
United States,1121
Australia,1122
United Arab Emirates,1122
Indonesia,1123
Singapore,1123
United States,1124
United States,1125
United States,1126
Austria,1127
United States,1128
Bulgaria,1129
United States,1129
United States,1130
United States,1131
Spain,1131
Chile,1131
Peru,1131
India,1132
Ireland,1133
Japan,1134
India,1135
Canada,1136
United States,1137
Switzerland,1138
United Kingdom,1139
Sweden,1140
Netherlands,1140
United States,1141
United Kingdom,1142
United States,1142
United States,1143
United States,1144
United States,1145
United States,1146
United States,1147
Spain,1148
Spain,1149
Germany,1149
United States,1150
Germany,1151
United Kingdom,1152
United States,1152
Canada,1153
United States,1154
United States,1155
India,1156
Canada,1156
United States,1157
United Kingdom,1158
United States,1159
Canada,1160
United States,1161
United States,1162
Hong Kong,1163
Iceland,1164
Sweden,1164
Belgium,1164
United States,1165
United States,1166
United States,1167
Philippines,1168
Canada,1169
United States,1169
India,1170
Canada,1171
United States,1172
United States,1173
Japan,1174
India,1175
United States,1176
United States,1177
Hong Kong,1177
Canada,1177
United Kingdom,1178
Germany,1178
United States,1179
United States,1180
France,1181
Canada,1181
China,1181
Cambodia,1181
United States,1182
Hong Kong,1183
China,1183
Canada,1184
United States,1185
Canada,1185
India,1186
United States,1187
India,1188
United Kingdom,1189
Hong Kong,1189
United States,1190
Germany,1191
China,1192
Hong Kong,1192
United States,1192
United States,1193
United States,1194
United States,1195
Japan,1196
United Kingdom,1197
United States,1197
Japan,1198
United States,1199
India,1200
United States,1202
Spain,1203
Mexico,1203
United States,1204
United States,1205
India,1206
United States,1207
United States,1208
United States,1209
United Kingdom,1210
United Kingdom,1211
France,1211
Belgium,1211
United States,1211
China,1212
United States,1212
Canada,1213
United States,1214
United Kingdom,1215
France,1216
Canada,1216
United States,1216
India,1217
United States,1218
India,1219
South Africa,1220
United States,1220
Germany,1220
Japan,1221
United States,1221
United States,1222
India,1223
Mexico,1224
United States,1225
Spain,1226
United States,1227
United States,1228
United States,1229
France,1230
Belgium,1230
United States,1231
India,1232
India,1233
United States,1234
United States,1235
United States,1236
United Kingdom,1237
United States,1237
United States,1238
Turkey,1239
United States,1240
United States,1241
United States,1242
United States,1243
Indonesia,1244
Singapore,1244
United States,1245
Canada,1245
United States,1246
United States,1247
Germany,1247
United Kingdom,1247
France,1247
United States,1248
United States,1249
United States,1250
France,1251
Spain,1252
Japan,1253
United States,1254
United States,1255
United States,1256
United States,1257
Canada,1258
United States,1258
United States,1259
Turkey,1260
Portugal,1261
Spain,1261
India,1262
Israel,1263
Japan,1264
Indonesia,1265
India,1266
India,1267
Bulgaria,1268
United States,1268
France,1269
Belgium,1269
United States,1270
Germany,1270
India,1271
United States,1272
United Kingdom,1273
Japan,1274
Japan,1275
United States,1276
United States,1277
United States,1279
United States,1280
Bermuda,1280
Ecuador,1280
India,1281
United States,1282
United States,1283
South Korea,1284
United States,1285
India,1286
United States,1287
United States,1288
India,1289
United States,1290
United States,1291
India,1292
Turkey,1294
United States,1295
United States,1296
Japan,1297
Argentina,1298
Spain,1298
Spain,1299
United States,1299
Belgium,1300
United States,1301
United States,1302
New Zealand,1303
United Kingdom,1303
India,1304
India,1305
United States,1307
Canada,1307
United States,1308
Indonesia,1309
Canada,1310
United States,1310
Japan,1311
India,1312
United Kingdom,1313
France,1314
United States,1315
United States,1316
India,1317
United States,1318
Spain,1319
United Kingdom,1320
United States,1321
United States,1322
United Kingdom,1322
Canada,1322
United States,1323
Denmark,1324
Sweden,1324
Norway,1324
Israel,1324
United States,1324
Japan,1325
Australia,1326
India,1327
United States,1328
Spain,1329
United States,1330
United Kingdom,1332
United States,1333
United States,1334
United States,1335
United States,1336
United States,1337
United States,1338
United States,1339
United States,1340
United States,1341
United States,1342
France,1343
United States,1343
Japan,1344
United States,1345
India,1346
Spain,1347
Philippines,1348
United States,1349
United States,1350
United States,1351
United States,1352
United States,1353
United States,1354
Singapore,1355
France,1355
Netherlands,1355
Belgium,1356
United Kingdom,1356
United States,1356
India,1357
India,1358
United Kingdom,1359
United States,1360
United States,1361
India,1362
United States,1363
United States,1364
Canada,1365
Germany,1365
France,1365
Greece,1366
United States,1366
United States,1367
United States,1368
United Kingdom,1369
United States,1370
Philippines,1371
India,1372
United States,1373
Cambodia,1374
United States,1375
Argentina,1376
United States,1376
Italy,1377
United Kingdom,1377
Philippines,1378
United States,1379
Canada,1379
France,1380
United States,1381
United States,1382
Uruguay,1382
United Kingdom,1383
Japan,1384
United Kingdom,1385
United States,1386
United States,1387
United States,1388
United States,1389
United States,1390
United States,1391
France,1392
France,1393
Belgium,1393
Germany,1394
United States,1395
United States,1396
France,1396
United States,1397
Mexico,1397
India,1398
India,1399
United States,1400
United States,1401
Taiwan,1402
United States,1403
Turkey,1404
France,1405
Belgium,1405
United States,1406
Thailand,1407
Indonesia,1408
Germany,1409
Poland,1410
United States,1411
Peru,1412
United States,1412
United Kingdom,1412
United States,1413
India,1414
United States,1415
United States,1416
Spain,1416
Germany,1416
Japan,1417
United States,1418
United States,1419
Canada,1420
France,1420
Japan,1420
United States,1421
United States,1422
India,1423
United States,1424
United Kingdom,1425
United States,1426
United States,1427
Germany,1428
United States,1428
India,1429
India,1430
Spain,1431
Finland,1432
Germany,1432
Belgium,1432
India,1433
Poland,1434
India,1435
Egypt,1436
Canada,1437
United States,1437
Brazil,1438
India,1439
Canada,1440
United States,1441
United States,1442
United States,1443
United States,1444
United States,1445
United States,1446
Poland,1447
United States,1447
United States,1448
United States,1449
United Kingdom,1450
India,1451
United States,1452
Hong Kong,1453
Japan,1454
United States,1455
United Kingdom,1456
Japan,1456
United States,1456
United States,1457
Japan,1458
Romania,1459
United Kingdom,1459
India,1460
United States,1461
Iceland,1461
United Kingdom,1462
Italy,1463
India,1464
Philippines,1465
West Germany,1466
Philippines,1467
Canada,1468
United States,1470
Australia,1470
China,1470
France,1471
Belgium,1471
United States,1472
France,1473
Malta,1473
United States,1473
South Korea,1474
Mexico,1475
India,1476
United States,1477
United States,1478
United States,1479
United States,1480
United States,1481
United States,1482
United States,1483
Germany,1484
United States,1484
United Kingdom,1484
Canada,1484
India,1485
United States,1486
United States,1487
India,1488
United States,1489
United States,1490
France,1491
Luxembourg,1491
Canada,1491
Japan,1492
India,1493
South Korea,1494
United States,1495
India,1496
United States,1497
South Africa,1497
United States,1498
India,1499
United States,1500
United States,1501
United States,1502
United States,1503
Canada,1504
Spain,1505
Spain,1506
Italy,1506
Argentina,1506
United States,1507
Russia,1508
United States,1509
Thailand,1510
India,1511
Australia,1512
United Kingdom,1512
United Arab Emirates,1512
Canada,1512
Mexico,1513
United Kingdom,1514
United States,1515
India,1516
United States,1516
United States,1518
United States,1519
Italy,1520
Belgium,1520
United Kingdom,1521
United States,1522
Ireland,1523
Canada,1523
United States,1524
United States,1525
United States,1526
Turkey,1527
France,1528
Turkey,1529
United States,1530
Thailand,1531
United States,1532
Spain,1532
United States,1533
United States,1534
United States,1535
India,1536
United States,1537
Norway,1538
Denmark,1538
Netherlands,1538
Sweden,1538
Argentina,1539
United States,1540
India,1541
Canada,1542
United Kingdom,1542
United States,1542
Japan,1543
Canada,1544
United States,1544
France,1545
Canada,1545
United States,1545
India,1546
United States,1547
United States,1548
Canada,1549
United States,1549
Hong Kong,1550
China,1551
United States,1551
United Kingdom,1552
United States,1553
Netherlands,1554
India,1555
United States,1556
Chile,1556
Israel,1556
Finland,1557
India,1558
Spain,1559
Turkey,1560
United States,1561
Argentina,1562
Brazil,1562
United States,1563
Japan,1564
Japan,1565
United States,1567
Spain,1568
India,1569
United States,1570
Spain,1571
United States,1572
Spain,1573
Argentina,1573
Philippines,1574
Philippines,1575
United States,1576
United States,1577
United States,1578
Turkey,1579
Japan,1580
United States,1581
India,1582
United Kingdom,1583
United States,1584
South Korea,1585
Canada,1586
France,1587
United States,1587
United States,1588
India,1589
United States,1590
United States,1591
United Kingdom,1593
United States,1594
Argentina,1595
Italy,1596
Turkey,1596
Canada,1597
United States,1598
United States,1599
United States,1600
United States,1601
Malaysia,1602
India,1603
United States,1604
United States,1605
Netherlands,1606
Germany,1606
Denmark,1606
United Kingdom,1606
United States,1607
United Kingdom,1608
United States,1609
Indonesia,1610
United States,1611
India,1611
India,1612
United States,1613
United States,1614
United States,1615
United States,1616
United States,1617
United States,1618
United States,1619
Canada,1620
United States,1620
India,1621
Philippines,1622
United States,1623
United Kingdom,1624
Hong Kong,1625
Sweden,1626
United States,1626
United States,1627
United States,1628
Philippines,1629
Philippines,1630
India,1631
United Kingdom,1632
India,1633
United States,1634
India,1635
France,1635
United Kingdom,1636
Spain,1636
United States,1636
Germany,1636
United States,1637
India,1638
United States,1639
United States,1640
United States,1641
Indonesia,1642
United States,1643
Canada,1643
United States,1644
Mexico,1645
Finland,1645
United States,1646
Belgium,1647
France,1647
United Kingdom,1648
India,1649
United States,1650
France,1651
Morocco,1651
United States,1652
Hong Kong,1653
China,1653
United States,1654
United States,1655
United States,1656
South Korea,1657
United States,1658
United States,1659
United States,1660
Hong Kong,1661
United States,1662
India,1663
United States,1664
Canada,1664
Thailand,1665
United States,1666
India,1667
Thailand,1668
Canada,1668
United States,1668
United States,1669
United States,1670
United States,1671
India,1672
United Kingdom,1672
China,1672
Canada,1672
Japan,1672
South Korea,1672
United States,1672
United States,1673
United States,1674
United States,1675
United States,1676
United States,1677
Canada,1677
Philippines,1678
Qatar,1678
United Kingdom,1679
Lithuania,1679
Spain,1680
United States,1681
Australia,1681
India,1682
India,1683
South Korea,1684
Philippines,1685
United States,1686
India,1687
United States,1688
United States,1689
United States,1690
United States,1691
Japan,1692
United States,1693
United Kingdom,1694
Spain,1695
Canada,1696
United Kingdom,1696
Hong Kong,1698
China,1698
United States,1699
Philippines,1700
United States,1701
Norway,1701
India,1702
Canada,1703
United States,1703
India,1704
United States,1705
United Kingdom,1705
Canada,1706
India,1707
United States,1708
United States,1709
United States,1710
France,1711
India,1712
France,1713
Belgium,1713
Mexico,1714
United States,1715
Spain,1716
India,1717
United States,1718
Denmark,1719
France,1719
Poland,1719
United States,1720
United States,1721
United Arab Emirates,1721
United States,1722
United States,1723
India,1724
Mexico,1725
United States,1725
United States,1726
Canada,1726
Thailand,1727
Peru,1728
United Kingdom,1729
United States,1730
United Kingdom,1731
Canada,1731
United States,1731
United States,1732
India,1733
Norway,1734
United Kingdom,1734
France,1734
Ireland,1734
United States,1735
United States,1736
United States,1737
United States,1738
Philippines,1739
United States,1740
Mexico,1741
United States,1742
United States,1743
United States,1744
China,1744
United States,1745
United Kingdom,1746
United Kingdom,1747
Canada,1747
United States,1747
Cayman Islands,1747
United States,1748
Hong Kong,1749
Turkey,1750
India,1751
United States,1752
India,1753
India,1754
Croatia,1755
Slovenia,1755
Serbia,1755
Montenegro,1755
United States,1757
United States,1758
Germany,1759
United States,1759
Canada,1759
India,1760
Hong Kong,1761
United States,1762
Philippines,1763
Singapore,1763
United States,1764
United States,1765
Canada,1766
India,1767
Japan,1768
India,1769
India,1770
United States,1771
Germany,1772
Canada,1773
Philippines,1774
Brazil,1775
Canada,1776
Canada,1777
United States,1777
Spain,1778
India,1779
United States,1780
United States,1781
Indonesia,1782
United States,1783
Mexico,1784
India,1785
India,1786
India,1787
Hong Kong,1788
India,1789
United States,1790
Pakistan,1791
United States,1792
United States,1793
Hong Kong,1794
United Kingdom,1795
Egypt,1796
India,1797
Mexico,1798
Spain,1799
Italy,1799
Germany,1800
United Kingdom,1801
United Kingdom,1802
India,1802
United States,1802
India,1803
United Kingdom,1804
United States,1805
Canada,1805
India,1806
Canada,1807
United States,1807
United Kingdom,1807
United States,1808
United States,1809
United Kingdom,1810
United States,1811
Italy,1812
France,1812
India,1813
United States,1814
United States,1815
Turkey,1816
United States,1817
United States,1818
United States,1819
India,1820
United States,1822
India,1823
France,1824
United States,1825
United States,1826
Italy,1827
United States,1828
United States,1829
United States,1830
Spain,1831
Indonesia,1832
India,1833
Nigeria,1834
United States,1835
Canada,1835
United States,1836
Indonesia,1837
Malaysia,1838
India,1839
United States,1840
Poland,1840
Spain,1842
France,1842
India,1843
Ireland,1844
United Kingdom,1844
Italy,1844
United States,1844
United Kingdom,1845
United States,1846
United States,1847
Brazil,1848
United States,1849
United States,1850
India,1851
United States,1852
United Kingdom,1852
Denmark,1852
Sweden,1852
Finland,1853
Sweden,1853
Norway,1853
Latvia,1853
Germany,1853
United States,1854
United States,1855
Poland,1856
Turkey,1857
United States,1858
Turkey,1860
India,1861
Australia,1862
New Zealand,1862
Indonesia,1863
Thailand,1864
United States,1865
United States,1866
India,1867
United States,1868
Spain,1869
India,1870
France,1871
United States,1872
Germany,1872
India,1873
United States,1874
Turkey,1875
Denmark,1876
United Kingdom,1876
Canada,1877
United States,1877
United States,1878
India,1879
Thailand,1880
United States,1881
Turkey,1882
United States,1883
United States,1884
New Zealand,1885
United Kingdom,1886
India,1888
Pakistan,1889
United States,1890
India,1891
Brazil,1892
Germany,1892
Portugal,1892
France,1892
United States,1893
Pakistan,1894
United Kingdom,1895
Spain,1895
Germany,1895
United States,1895
Germany,1896
United States,1897
Uruguay,1898
Spain,1898
Mexico,1898
Pakistan,1899
United States,1899
United Kingdom,1900
Spain,1901
Turkey,1902
United States,1903
United Kingdom,1904
United States,1904
Pakistan,1905
United States,1906
India,1907
Germany,1907
Austria,1907
United States,1908
Philippines,1909
United States,1910
South Africa,1911
United States,1911
Indonesia,1912
United States,1913
Spain,1914
Denmark,1915
Brazil,1915
France,1915
Portugal,1915
Sweden,1915
Turkey,1916
United States,1917
United States,1918
United States,1919
France,1920
India,1921
United States,1922
United States,1923
Italy,1923
United States,1924
United States,1925
India,1926
India,1927
Turkey,1928
Mexico,1929
France,1929
United Kingdom,1930
Germany,1930
United States,1930
Slovenia,1931
Austria,1931
Spain,1932
United States,1933
India,1934
Lebanon,1935
Qatar,1935
Spain,1936
Argentina,1937
Uruguay,1937
Serbia,1937
United States,1938
United States,1939
Canada,1940
Thailand,1941
United States,1942
United States,1943
France,1944
Belgium,1944
United States,1945
Spain,1946
Australia,1947
United States,1948
United States,1949
United States,1950
Canada,1950
United States,1951
South Korea,1952
United States,1953
United States,1954
Spain,1955
United States,1956
Turkey,1957
United States,1958
United States,1959
United States,1960
United States,1961
United States,1962
United States,1963
United States,1964
United Kingdom,1965
Israel,1965
Russia,1965
United States,1966
United Kingdom,1967
India,1968
Australia,1969
United Arab Emirates,1969
India,1971
United States,1972
India,1973
India,1974
Switzerland,1975
United States,1975
United States,1976
India,1977
Denmark,1978
Canada,1979
India,1980
India,1981
Spain,1982
India,1983
Philippines,1984
United States,1985
United States,1986
India,1987
United Arab Emirates,1988
United States,1989
Spain,1990
Brazil,1991
Brazil,1992
Saudi Arabia,1994
United States,1995
United States,1996
United States,1997
United States,1998
France,1999
Belgium,1999
United States,2000
United States,2001
United States,2002
India,2003
United States,2004
United States,2005
Indonesia,2006
India,2007
Nepal,2007
India,2008
United States,2009
China,2010
Taiwan,2010
India,2011
United States,2012
Turkey,2013
United States,2014
United States,2015
New Zealand,2016
India,2017
United States,2018
United States,2019
Spain,2020
France,2020
Uruguay,2020
India,2021
United States,2022
Turkey,2023
France,2023
Germany,2023
Poland,2023
United States,2024
India,2025
United States,2026
United States,2027
Turkey,2028
United States,2029
Taiwan,2029
Norway,2030
Germany,2030
United States,2031
Turkey,2032
United States,2033
United States,2034
Romania,2035
United States,2036
Bulgaria,2036
India,2037
Egypt,2038
United States,2039
United States,2040
United States,2041
Philippines,2042
Kenya,2043
United States,2043
United States,2044
United Kingdom,2045
United States,2046
United States,2047
Philippines,2048
United States,2049
United States,2050
Canada,2051
United States,2051
United States,2052
United Kingdom,2052
India,2053
United States,2054
Pakistan,2055
Czech Republic,2056
United States,2056
United States,2057
United Kingdom,2058
France,2058
Spain,2059
United States,2060
United States,2061
Sweden,2062
United States,2063
United States,2064
Argentina,2066
Turkey,2067
India,2068
United States,2068
United States,2069
Egypt,2070
United States,2071
India,2072
United States,2073
Hong Kong,2074
Egypt,2075
United States,2076
United States,2077
United Kingdom,2078
India,2079
India,2080
Turkey,2081
China,2082
United States,2082
United Kingdom,2082
Thailand,2082
India,2082
United States,2083
India,2083
United States,2084
United States,2085
Canada,2085
Japan,2085
Panama,2085
Spain,2086
Canada,2087
Japan,2088
United States,2089
United States,2090
United States,2091
India,2092
United States,2093
Egypt,2094
Turkey,2095
Japan,2096
India,2097
India,2098
India,2099
United States,2100
United States,2101
Hong Kong,2101
United States,2102
United States,2103
Canada,2103
United States,2104
Germany,2105
United States,2105
India,2106
United States,2108
Romania,2109
United States,2110
United States,2111
Canada,2112
United States,2113
United States,2114
Japan,2115
United States,2116
United States,2117
India,2117
United States,2118
Turkey,2119
India,2120
United States,2121
Hong Kong,2122
United States,2123
Israel,2124
United States,2124
Turkey,2125
India,2126
United States,2127
Malaysia,2128
Taiwan,2129
China,2129
France,2129
United States,2129
United States,2130
United Kingdom,2131
United States,2132
India,2133
United States,2134
India,2135
United Kingdom,2136
France,2137
Italy,2137
Germany,2138
United Kingdom,2139
Spain,2140
France,2141
Hungary,2142
United States,2143
United States,2144
Philippines,2145
United States,2146
Denmark,2147
China,2147
United States,2148
Indonesia,2149
India,2150
United States,2151
United States,2152
United States,2153
United Kingdom,2153
Spain,2154
United States,2155
South Korea,2156
United Kingdom,2157
Philippines,2158
United States,2159
New Zealand,2159
Indonesia,2160
United States,2161
Hong Kong,2162
United States,2162
Hong Kong,2163
Canada,2164
Thailand,2165
United States,2166
United States,2167
Spain,2168
India,2169
Philippines,2170
France,2171
Belgium,2171
Spain,2172
Australia,2173
Thailand,2174
Turkey,2175
United States,2176
Mexico,2176
United Kingdom,2177
Turkey,2178
Philippines,2179
Spain,2180
Belgium,2180
Switzerland,2180
United States,2180
China,2180
United Kingdom,2180
Canada,2181
United States,2182
Indonesia,2183
India,2184
France,2184
Pakistan,2185
United Kingdom,2186
Thailand,2186
India,2187
India,2188
Peru,2189
Bolivia,2189
Netherlands,2189
United States,2190
Indonesia,2191
Spain,2192
Belgium,2192
United States,2193
United States,2194
United States,2195
Japan,2196
Germany,2197
United States,2198
Canada,2199
France,2201
United States,2202
Brazil,2203
Indonesia,2204
United States,2205
United Kingdom,2206
United States,2206
United States,2207
India,2208
United States,2209
United States,2210
Philippines,2211
United States,2212
Canada,2213
Germany,2214
United Kingdom,2214
United States,2215
United States,2216
Hong Kong,2217
United States,2218
India,2219
Australia,2220
United States,2221
Thailand,2222
United States,2223
Mexico,2224
Turkey,2225
South Africa,2226
United States,2227
China,2228
Hong Kong,2228
Mexico,2229
Germany,2230
France,2231
United States,2232
United States,2233
Turkey,2234
India,2235
Germany,2236
India,2237
United States,2238
China,2239
Hong Kong,2239
United States,2240
Spain,2241
India,2242
Norway,2243
France,2245
Belgium,2245
China,2245
United States,2245
France,2246
Belgium,2246
Argentina,2247
Italy,2248
Switzerland,2248
Albania,2248
Poland,2248
Argentina,2250
Spain,2250
United States,2251
India,2252
United States,2253
United States,2254
Canada,2255
India,2256
United Kingdom,2256
United Kingdom,2257
Indonesia,2258
Spain,2259
India,2260
United States,2261
Turkey,2262
United States,2263
Canada,2264
Malaysia,2265
United States,2266
United States,2267
Argentina,2268
Uruguay,2268
Spain,2268
France,2268
United States,2269
Brazil,2270
Brazil,2271
United States,2272
France,2273
United States,2274
Netherlands,2275
Brazil,2276
China,2277
South Korea,2278
Colombia,2279
Mexico,2279
India,2280
United States,2281
United States,2282
France,2283
Belgium,2283
Thailand,2284
United States,2285
Pakistan,2286
Indonesia,2287
France,2288
Belgium,2288
Canada,2289
India,2290
United States,2291
China,2292
United States,2293
India,2294
United States,2295
United States,2296
Canada,2297
Mexico,2298
Spain,2299
France,2300
United States,2301
United States,2302
Thailand,2303
Spain,2304
United Kingdom,2305
India,2306
United States,2307
Turkey,2308
United States,2309
United States,2310
United Kingdom,2311
Indonesia,2312
Pakistan,2313
United States,2313
Mexico,2314
United States,2315
United States,2316
United Kingdom,2316
United Kingdom,2317
India,2318
India,2319
New Zealand,2320
India,2321
India,2322
United States,2323
Italy,2324
United States,2324
United States,2325
United States,2326
United States,2327
France,2328
Italy,2328
United States,2329
United States,2330
Turkey,2331
United States,2332
Italy,2333
Spain,2334
United States,2335
Paraguay,2336
Argentina,2336
Spain,2337
Switzerland,2337
India,2338
United States,2340
United States,2341
France,2342
Belgium,2342
Canada,2343
France,2344
Belgium,2344
Uruguay,2345
Argentina,2345
United States,2346
United States,2347
United States,2348
Turkey,2349
United States,2350
Poland,2351
India,2352
United States,2353
United States,2354
Germany,2355
India,2357
United States,2358
United States,2360
United States,2361
United States,2362
South Africa,2363
United States,2364
United States,2365
Malaysia,2366
India,2367
France,2368
Spain,2369
United States,2370
India,2371
United States,2372
India,2373
Germany,2374
Spain,2375
United States,2376
India,2377
Japan,2378
United Kingdom,2379
India,2380
Indonesia,2381
Spain,2382
Australia,2383
United Kingdom,2384
United States,2384
United States,2385
United States,2386
United States,2387
United States,2388
India,2389
United States,2390
Spain,2392
Philippines,2393
United States,2394
United States,2395
Germany,2397
United States,2397
United States,2398
India,2399
United States,2400
Germany,2401
United States,2401
Sweden,2401
Spain,2402
Poland,2403
Germany,2404
India,2405
United States,2406
United States,2407
Hong Kong,2408
China,2408
India,2409
Turkey,2410
France,2411
United States,2412
India,2413
United States,2414
Thailand,2415
United States,2416
France,2417
Belgium,2417
Czech Republic,2417
United States,2418
United Kingdom,2419
United States,2420
United States,2421
United States,2422
India,2423
India,2424
United Kingdom,2425
India,2426
Philippines,2427
India,2428
India,2429
United States,2430
Philippines,2431
United States,2432
Canada,2432
India,2433
Pakistan,2434
India,2435
India,2436
Spain,2437
France,2437
United States,2438
Chile,2439
Argentina,2439
Indonesia,2440
Colombia,2441
Argentina,2441
United States,2442
Philippines,2443
United States,2444
Italy,2446
India,2447
United States,2448
Brazil,2449
United States,2450
Canada,2451
United States,2452
Canada,2453
United States,2453
France,2455
Turkey,2456
India,2457
United States,2458
Germany,2459
Argentina,2460
India,2461
India,2462
United States,2463
United States,2464
United States,2465
France,2466
France,2467
United States,2468
United States,2469
Germany,2469
India,2470
Spain,2471
United States,2472
India,2473
India,2474
United States,2475
India,2476
United Kingdom,2477
Brazil,2478
United States,2479
India,2481
Australia,2482
India,2482
India,2483
United States,2484
United States,2485
United States,2486
United States,2487
United States,2488
Netherlands,2489
Denmark,2489
South Africa,2489
Spain,2490
India,2491
South Korea,2492
Australia,2493
Indonesia,2494
Brazil,2495
India,2497
Israel,2498
France,2499
Belgium,2499
India,2500
United States,2501
United States,2503
United States,2504
Mexico,2504
Turkey,2505
United States,2506
Taiwan,2507
United States,2509
India,2510
India,2511
United States,2512
United Kingdom,2513
United States,2514
Italy,2515
United States,2516
United States,2517
United States,2518
France,2519
United States,2520
Soviet Union,2521
India,2521
United Kingdom,2522
India,2522
Hong Kong,2523
United States,2524
India,2525
India,2526
United States,2527
United Kingdom,2528
France,2529
Indonesia,2530
United States,2531
Indonesia,2532
India,2533
India,2534
Pakistan,2534
India,2535
India,2536
United States,2537
United Kingdom,2537
Morocco,2537
United States,2538
United States,2539
South Korea,2540
United Kingdom,2541
United Kingdom,2542
China,2543
Hong Kong,2543
Spain,2544
Taiwan,2545
Italy,2546
United States,2547
India,2548
United States,2549
Singapore,2550
Malaysia,2550
United States,2551
United States,2552
United States,2554
United States,2555
United Kingdom,2556
Canada,2556
Italy,2556
India,2557
Malaysia,2558
United States,2559
Canada,2560
Philippines,2562
India,2563
United States,2564
India,2565
Thailand,2566
Philippines,2567
Hong Kong,2568
United States,2569
United States,2570
United States,2571
United States,2572
India,2573
India,2574
United Kingdom,2575
United States,2576
United States,2577
United States,2578
India,2579
France,2579
United States,2580
Germany,2581
Argentina,2583
United States,2584
Italy,2585
China,2586
India,2587
Pakistan,2588
United States,2590
Japan,2590
United States,2591
United States,2594
United States,2595
United States,2596
India,2597
France,2598
United Kingdom,2599
Turkey,2600
United States,2601
United States,2602
United States,2603
Egypt,2604
Canada,2605
Canada,2606
United States,2608
India,2609
United States,2610
India,2611
Italy,2612
Chile,2613
Peru,2613
India,2614
Russia,2615
United States,2616
Australia,2617
India,2618
India,2619
India,2620
United States,2621
United States,2622
United States,2623
India,2624
Turkey,2625
Bulgaria,2626
United States,2626
Canada,2627
France,2628
United Kingdom,2629
United States,2630
United States,2631
India,2632
Thailand,2633
South Korea,2634
Egypt,2636
United States,2637
Sweden,2638
Brazil,2639
India,2640
India,2641
Canada,2642
India,2642
United States,2643
United States,2645
United States,2646
India,2647
United Kingdom,2648
Argentina,2649
Italy,2649
Colombia,2650
Peru,2650
United Kingdom,2650
Spain,2651
Hong Kong,2652
Singapore,2653
Canada,2654
China,2655
United States,2655
Australia,2655
Argentina,2656
United States,2657
India,2658
Germany,2659
United States,2660
France,2661
Belgium,2661
United States,2662
India,2663
Turkey,2664
United States,2665
Argentina,2666
Brazil,2666
France,2666
Poland,2666
Germany,2666
Denmark,2666
United States,2667
Spain,2668
United States,2668
Brazil,2670
India,2671
France,2672
United States,2673
Canada,2675
India,2676
India,2677
United States,2678
Norway,2680
India,2681
Canada,2682
Mexico,2683
United States,2683
India,2684
United Kingdom,2685
United States,2686
France,2687
United Kingdom,2687
India,2687
United States,2688
India,2689
India,2690
United States,2691
India,2692
Spain,2693
India,2694
Canada,2694
Indonesia,2695
Spain,2696
India,2697
Germany,2698
Jordan,2698
Netherlands,2698
United States,2699
India,2700
Hong Kong,2701
United States,2702
Peru,2703
United States,2704
Colombia,2706
United States,2707
India,2708
Turkey,2709
India,2710
United States,2711
India,2712
Canada,2713
United States,2713
United Kingdom,2714
United States,2715
Mexico,2716
United States,2717
United States,2718
India,2719
United States,2720
United Kingdom,2721
Spain,2721
France,2721
United States,2722
India,2723
Thailand,2724
United States,2725
United Kingdom,2726
India,2727
Hong Kong,2728
Spain,2729
Israel,2730
United States,2731
United States,2732
United States,2733
South Africa,2734
United States,2735
South Korea,2736
United States,2736
United States,2737
Argentina,2738
United States,2739
South Africa,2740
France,2741
Poland,2742
Argentina,2743
United States,2744
France,2745
Mexico,2746
United States,2747
India,2748
India,2749
Indonesia,2750
Peru,2751
Indonesia,2752
India,2753
Argentina,2754
Romania,2755
India,2756
United Kingdom,2757
India,2758
Nigeria,2759
Canada,2760
Mexico,2761
United States,2762
Spain,2763
Bangladesh,2764
United States,2766
India,2767
United States,2768
United States,2769
United States,2770
India,2771
United States,2772
France,2774
Hong Kong,2775
Italy,2776
United States,2776
Argentina,2776
United States,2777
Belgium,2778
Japan,2779
United States,2779
United States,2780
Canada,2780
United States,2781
United Kingdom,2782
Argentina,2783
Chile,2783
Peru,2783
Hungary,2784
Egypt,2785
India,2786
Germany,2787
Pakistan,2788
United States,2789
France,2789
South Africa,2790
Uruguay,2791
Canada,2792
United States,2793
Lebanon,2794
United States,2795
United States,2796
France,2797
Romania,2798
India,2799
Brazil,2800
United States,2801
United Arab Emirates,2802
Jordan,2802
India,2803
China,2804
India,2805
United States,2806
United Kingdom,2807
United Kingdom,2808
United Kingdom,2809
United Kingdom,2810
Denmark,2811
Germany,2812
India,2813
United States,2814
United States,2815
Mexico,2815
United States,2816
Germany,2817
Spain,2818
India,2819
India,2820
India,2821
Spain,2823
Finland,2824
United States,2825
United States,2826
Pakistan,2827
United Arab Emirates,2827
United States,2828
United States,2829
United States,2830
India,2831
United States,2832
Chile,2833
Spain,2833
Argentina,2833
Germany,2833
India,2834
United Kingdom,2835
United States,2836
Hong Kong,2837
China,2837
United States,2838
Hong Kong,2839
China,2839
United States,2840
South Korea,2840
United States,2841
India,2843
Germany,2844
India,2845
Egypt,2846
United States,2847
Canada,2848
United States,2849
Singapore,2850
Turkey,2851
India,2851
United States,2852
India,2853
Hong Kong,2854
United States,2856
Egypt,2857
India,2858
United States,2859
United States,2860
United States,2861
India,2862
Mexico,2863
Italy,2864
Mexico,2865
India,2866
United States,2867
United States,2868
United States,2869
India,2870
United States,2871
Czech Republic,2871
Australia,2872
Spain,2873
Germany,2874
United States,2875
Canada,2876
Canada,2877
United States,2877
India,2878
Hong Kong,2879
China,2879
Argentina,2880
France,2881
India,2882
Brazil,2883
India,2884
United States,2885
United Kingdom,2885
Germany,2885
India,2886
United Kingdom,2887
India,2888
Germany,2889
Italy,2889
India,2890
Chile,2892
United States,2893
Nigeria,2894
Nigeria,2895
Egypt,2896
India,2897
United States,2898
United States,2899
Argentina,2900
Spain,2901
Australia,2902
Spain,2903
United States,2904
Mexico,2905
United States,2906
United Kingdom,2907
India,2907
United States,2907
United States,2908
India,2909
India,2910
United Kingdom,2911
United States,2912
India,2913
United Kingdom,2914
Belgium,2914
India,2915
India,2917
India,2918
India,2919
India,2920
Brazil,2921
Germany,2922
India,2923
South Korea,2924
United States,2925
Brazil,2926
United States,2927
Egypt,2928
Nigeria,2929
United States,2930
United States,2931
United States,2932
United States,2933
United Kingdom,2934
Russia,2934
United Kingdom,2935
Turkey,2936
Spain,2937
Indonesia,2938
India,2940
Egypt,2941
Canada,2942
India,2943
Mexico,2944
Canada,2945
United States,2945
Cayman Islands,2945
Indonesia,2947
India,2948
United Arab Emirates,2949
Romania,2949
United Kingdom,2950
United States,2950
Canada,2950
Taiwan,2950
Ireland,2950
China,2950
Hong Kong,2950
Thailand,2950
India,2951
India,2952
Mexico,2953
India,2954
Argentina,2955
United States,2956
Egypt,2957
India,2958
Canada,2959
Hong Kong,2960
United States,2961
India,2962
United States,2964
Egypt,2965
United Kingdom,2966
United States,2966
United States,2967
Canada,2968
United States,2969
United Arab Emirates,2970
United Kingdom,2970
India,2970
Thailand,2971
India,2972
India,2973
Georgia,2974
United States,2975
United States,2976
United States,2977
United Kingdom,2978
India,2979
Egypt,2980
Hong Kong,2981
Canada,2982
South Africa,2983
Nigeria,2983
United Kingdom,2984
Ireland,2984
South Africa,2984
India,2985
United States,2986
Senegal,2986
India,2987
United States,2988
United States,2989
Nigeria,2990
India,2991
India,2992
Ukraine,2992
United States,2993
United States,2994
Nigeria,2995
Nigeria,2996
India,2997
United States,2998
India,2999
Netherlands,3000
New Zealand,3001
United States,3002
United States,3003
United States,3004
United States,3005
United States,3006
India,3007
India,3008
United States,3009
United States,3010
United States,3011
India,3012
Malaysia,3013
Italy,3014
Canada,3015
Nigeria,3016
Mexico,3017
India,3019
United States,3020
India,3022
Turkey,3023
Germany,3023
Egypt,3024
Thailand,3025
India,3026
Hong Kong,3027
United Kingdom,3028
India,3030
United States,3031
India,3033
Australia,3034
United States,3035
Australia,3036
India,3037
India,3038
Hong Kong,3039
India,3040
United States,3041
United States,3042
Canada,3043
Indonesia,3044
New Zealand,3045
France,3046
India,3047
India,3048
Australia,3049
India,3050
Canada,3051
Mexico,3052
United States,3053
India,3054
India,3055
India,3057
India,3058
Germany,3059
India,3060
India,3062
United States,3062
Germany,3063
India,3064
United States,3065
Hong Kong,3067
China,3067
United States,3067
India,3068
United States,3069
Thailand,3070
United Kingdom,3071
United States,3071
Philippines,3072
India,3073
Mexico,3074
United States,3075
India,3075
South Korea,3075
China,3075
United States,3076
Indonesia,3077
India,3078
Hong Kong,3079
Hong Kong,3080
India,3081
India,3082
Soviet Union,3083
United States,3084
Argentina,3085
United States,3086
United States,3087
France,3088
United States,3089
India,3090
Hong Kong,3092
United States,3093
Mexico,3094
Ghana,3095
India,3096
Spain,3098
United Kingdom,3099
India,3100
United States,3102
United States,3103
India,3104
South Africa,3105
Canada,3106
Colombia,3107
Thailand,3108
India,3109
Malaysia,3110
France,3111
United States,3112
Canada,3113
Egypt,3114
Nigeria,3115
France,3116
United States,3117
Hong Kong,3118
Italy,3119
United States,3121
Thailand,3122
Argentina,3123
Canada,3125
India,3126
United States,3128
Egypt,3129
United States,3130
Mexico,3131
India,3133
United States,3134
Chile,3135
France,3135
India,3136
Mexico,3138
United States,3139
Russia,3140
United States,3140
Colombia,3141
Peru,3142
United States,3143
Hong Kong,3144
United States,3146
United States,3147
United States,3148
France,3149
India,3150
India,3151
United Kingdom,3152
Mexico,3153
Indonesia,3154
West Germany,3156
United States,3157
South Africa,3158
United States,3159
India,3160
United States,3161
India,3162
India,3163
United States,3164
United Kingdom,3165
Argentina,3166
United States,3167
Canada,3167
Hong Kong,3168
United States,3170
Mexico,3171
United States,3172
Kazakhstan,3172
Romania,3173
United States,3173
Italy,3174
China,3175
India,3176
Mexico,3177
Japan,3178
India,3179
United States,3180
Thailand,3181
United States,3182
India,3183
India,3184
United States,3187
Spain,3188
Portugal,3188
United States,3189
Korea,3190
India,3191
India,3192
Taiwan,3193
Mexico,3194
United States,3196
United States,3197
Canada,3197
Egypt,3198
United States,3199
Brazil,3200
Singapore,3201
France,3201
India,3203
United States,3204
India,3205
India,3206
Argentina,3207
United States,3208
United States,3210
United States,3211
Nigeria,3212
Spain,3213
Nigeria,3214
Canada,3215
United States,3216
United States,3218
India,3219
Malaysia,3221
India,3222
Hong Kong,3224
India,3225
United States,3226
India,3227
Egypt,3228
India,3229
India,3230
India,3231
Brazil,3232
United States,3234
India,3235
India,3236
Spain,3237
United Kingdom,3238
India,3239
United States,3240
India,3241
Singapore,3242
Hong Kong,3243
China,3243
Argentina,3244
India,3245
India,3246
Canada,3247
Japan,3247
United States,3247
Japan,3248
Hong Kong,3249
United States,3250
India,3251
Egypt,3252
Mexico,3253
India,3254
United States,3255
India,3256
India,3257
India,3258
United States,3259
United Kingdom,3260
Egypt,3261
Spain,3262
Canada,3263
India,3264
India,3265
Chile,3266
India,3267
South Korea,3268
United Kingdom,3270
United States,3271
United Kingdom,3272
United States,3273
Italy,3274
India,3275
India,3276
United States,3277
United States,3278
Nigeria,3280
Argentina,3281
Spain,3281
India,3282
Argentina,3283
India,3284
United States,3285
United States,3286
United States,3287
India,3288
Australia,3289
United States,3290
Spain,3290
United States,3291
United States,3292
United States,3293
United States,3294
India,3295
India,3296
Australia,3297
India,3298
Serbia,3299
United States,3299
China,3300
United States,3300
Mexico,3301
Egypt,3302
Mexico,3303
India,3304
United States,3305
India,3307
India,3308
United States,3309
India,3310
India,3311
United States,3312
India,3313
India,3314
United States,3315
Nigeria,3316
South Africa,3317
India,3318
Canada,3319
India,3319
Thailand,3319
United States,3319
United Arab Emirates,3319
Malaysia,3320
Mexico,3321
India,3323
Nigeria,3324
United States,3325
India,3326
India,3327
United Kingdom,3328
Hong Kong,3329
Germany,3330
United States,3331
Colombia,3332
India,3333
United States,3334
India,3335
Hong Kong,3336
United States,3337
India,3338
Egypt,3339
United Kingdom,3340
United States,3340
United States,3341
United Arab Emirates,3342
United Kingdom,3343
United States,3344
United States,3345
Brazil,3345
India,3345
Uganda,3345
China,3345
United States,3346
Colombia,3347
United States,3348
India,3350
India,3351
Chile,3352
United States,3353
Indonesia,3354
India,3355
United States,3357
India,3358
India,3359
India,3360
India,3361
Egypt,3362
India,3363
United Kingdom,3364
Austria,3365
France,3366
South Korea,3367
United States,3368
India,3369
United States,3370
Canada,3370
India,3371
Indonesia,3372
South Korea,3373
United Arab Emirates,3374
Nigeria,3376
United States,3377
India,3378
United States,3379
Mexico,3379
Thailand,3380
United States,3381
South Korea,3382
United States,3383
Egypt,3384
India,3385
Brazil,3386
Italy,3387
United States,3388
Chile,3389
Thailand,3390
Egypt,3391
India,3392
United Arab Emirates,3393
Hong Kong,3395
United States,3396
Canada,3396
Hong Kong,3397
India,3398
India,3399
United States,3400
Greece,3400
United Kingdom,3400
Colombia,3401
Egypt,3402
Australia,3403
Colombia,3404
India,3406
India,3407
Canada,3408
India,3409
Germany,3410
Sri Lanka,3410
France,3411
India,3412
Egypt,3413
United States,3414
United States,3415
India,3416
Canada,3417
Spain,3417
United States,3418
India,3419
India,3420
Colombia,3421
China,3422
United States,3422
United Kingdom,3423
India,3423
India,3424
India,3425
United States,3426
India,3428
Hong Kong,3429
India,3430
India,3431
Mexico,3432
India,3433
India,3434
India,3435
Canada,3436
Mexico,3437
United States,3438
India,3439
India,3440
United States,3440
India,3441
India,3442
Canada,3443
United States,3444
United Kingdom,3445
United Kingdom,3446
United States,3446
India,3447
France,3448
Nigeria,3450
Egypt,3451
Singapore,3452
Kuwait,3453
India,3454
India,3456
India,3457
United Arab Emirates,3458
India,3459
Egypt,3460
Japan,3461
United States,3461
Brazil,3462
India,3463
India,3464
France,3465
United States,3466
Nigeria,3467
United States,3468
United States,3475
Egypt,3481
China,3482
United Kingdom,3483
Italy,3483
Israel,3483
Peru,3483
United States,3483
United States,3484
United States,3488
India,3489
Egypt,3490
South Korea,3491
United States,3493
Spain,3496
Turkey,3498
India,3499
Egypt,3505
India,3506
United States,3507
South Korea,3508
India,3509
Soviet Union,3509
France,3510
India,3512
Egypt,3515
India,3516
Turkey,3520
Indonesia,3521
Indonesia,3523
United States,3524
Mexico,3527
Brazil,3528
India,3530
India,3533
India,3534
India,3535
United Kingdom,3536
United Kingdom,3539
United States,3542
India,3543
India,3545
United States,3546
India,3547
India,3556
Bangladesh,3559
India,3559
United States,3560
