Language,ID
English,1
Japanese,1
French,1
English,2
English,3
English,4
Italian,5
English,6
Spanish,6
English,7
German,7
Russian,7
English,8
German,8
French,8
Italian,8
English,9
German,9
Hebrew,9
Spanish,9
Arabic,9
Nepali,9
English,10
German,10
French,10
Italian,10
English,11
Spanish,11
Hindi,12
English,12
Spanish,13
English,14
English,15
French,15
Latin,15
Italian,16
English,16
Spanish,16
English,17
German,17
Greek,17
Arabic,17
English,18
French,18
Italian,18
English,19
English,20
English,21
American Sign Language,21
English,22
French,22
English,23
Japanese,23
English,24
English,25
Latin,25
English,26
English,27
English,28
Nyanja,28
Afrikaans,28
Zulu,28
Xhosa,28
Southern Sotho,28
English,29
Italian,29
Latin,29
Spanish,29
German,29
English,30
Spanish,30
English,31
Spanish,31
English,32
Spanish,32
Korean,33
Hawaiian,33
English,34
Hindi,35
English,36
Saami,36
English,37
Swedish,37
English,38
Hindi,39
English,39
English,40
German,40
English,41
English,42
English,43
Cantonese,44
Mandarin,44
Japanese,44
English,45
Sinhalese,45
Hindi,45
English,46
French,46
English,47
Cantonese,47
English,48
Portuguese,48
French,48
Japanese,48
English,49
English,50
German,50
French,50
English,51
Spanish,51
French,51
English,52
French,52
English,53
English,54
English,55
French,55
German,55
Italian,55
English,56
English,57
Russian,57
French,57
Japanese,58
Japanese Sign Language,58
English,59
English,60
English,61
Spanish,61
English,62
English,63
English,64
English,65
English,66
English,67
English,68
Spanish,68
English,69
Spanish,70
English,71
Irish,71
English,72
Spanish,72
English,73
English,74
Cantonese,75
Mandarin,75
French,76
English,76
Spanish,77
English,78
English,79
English,80
English,81
Hindi,82
English,82
Awadhi,82
Urdu,82
English,83
English,84
French,84
English,85
Spanish,85
Italian,85
Latin,85
Portuguese,85
French,85
German,85
English,86
Japanese,86
English,87
Spanish,87
Portuguese,87
English,88
Telugu,89
Tamil,89
English,90
English,91
English,92
Lingala,92
French,92
Spanish,93
English,94
Korean,94
Spanish,94
English,95
English,96
English,97
Russian,97
Japanese,98
English,99
English,100
American Sign Language,100
English,101
English,102
Russian,102
Spanish,102
English,103
Spanish,103
English,104
English,105
English,106
Cantonese,107
Mandarin,107
English,107
English,108
English,109
Telugu,110
Tamil,110
English,111
Hindi,112
English,112
Urdu,112
Persian,112
Kurdish,112
English,113
Hindi,113
Bengali,113
English,114
French,114
Greek,114
English,115
Hindi,116
Japanese,116
Spanish,116
English,116
English,117
English,118
English,119
French,119
English,120
Russian,120
Korean,121
English,121
English,122
English,123
Japanese,124
English,125
English,126
French,126
Thai,127
English,127
English,128
English,129
Spanish,129
English,130
English,131
French,132
English,132
East-Greenlandic,133
English,133
Hindi,134
French,135
English,135
English,136
English,137
English,138
English,139
English,140
English,141
English,142
English,143
English,144
English,145
English,146
English,147
French,147
English,148
Arabic,148
Spanish,148
Japanese,148
Berber languages,148
French,148
Russian,148
Japanese Sign Language,148
Swedish,149
English,149
Danish,149
English,150
English,151
Hindi,152
English,152
English,153
Russian,153
Hungarian,153
French,153
Turkish,153
English,154
Hindi,155
Hindi,156
English,157
American Sign Language,157
English,158
French,158
English,159
English,160
French,161
English,162
Japanese,163
English,163
French,163
English,164
English,165
French,165
Swahili,165
English,166
Spanish,166
Filipino,167
English,167
English,168
Yiddish,168
Hebrew,168
English,169
French,169
English,170
Arabic,171
Nyanja,171
English,171
Hindi,172
English,173
French,173
English,174
Hindi,175
English,175
English,176
English,177
English,178
English,179
English,180
English,181
English,182
English,183
Ukrainian,184
Russian,184
English,184
English,185
English,186
English,187
German,187
English,188
English,189
English,190
Spanish,190
English,191
Ukrainian,191
Hindi,192
Hungarian,193
English,194
English,195
English,196
English,197
English,198
Mandarin,198
English,199
French,199
German,199
English,200
English,201
English,202
English,203
Cheyenne,203
French,203
Marathi,204
English,205
English,206
Korean,206
English,207
Hindi,208
English,209
Japanese,210
English,211
Spanish,211
English,212
Arabic,212
German,212
English,213
English,214
English,215
English,216
English,217
Spanish,218
English,219
English,220
German,220
Russian,220
English,221
German,221
French,221
English,222
English,223
English,224
French,224
English,225
Persian,226
English,227
Norwegian,228
English,228
French,228
Swedish,228
English,229
English,230
English,231
Indonesian,232
English,232
Mandarin,232
French,232
English,233
Spanish,233
Hindi,234
English,235
Mandarin,235
English,236
English,237
Russian,237
Korean,237
English,238
French,238
Spanish,239
English,240
English,241
English,242
English,243
English,244
Romanian,245
English,246
Italian,246
French,247
English,248
English,249
Arabic,250
English,250
Italian,251
English,252
French,252
English,253
English,254
German,254
English,255
English,256
French,256
English,257
English,258
English,259
Cantonese,260
English,260
English,261
English,262
English,263
Spanish,263
English,264
English,265
French,265
English,266
Hindi,267
English,268
English,269
Spanish,269
Arabic,269
Latin,269
English,270
Korean,270
Estonian,270
English,271
English,272
French,272
English,273
English,274
English,275
Korean,275
English,276
English,277
English,278
Spanish,278
English,279
English,280
Portuguese,281
English,281
English,282
English,283
English,284
English,285
English,286
Korean,286
English,287
English,288
French,288
English,289
French,289
English,290
English,291
English,292
English,293
French,294
English,295
Spanish,295
English,296
Portuguese,297
English,298
English,299
English,300
Hindi,301
English,302
Spanish,303
Italian,304
English,304
English,305
French,305
English,306
English,307
Vietnamese,308
English,308
Japanese,308
English,309
English,310
English,311
English,312
Vietnamese,312
English,313
English,314
English,315
Telugu,316
English,317
English,318
Hindi,319
English,320
Polynesian,320
Spanish,320
Arabic,321
English,322
English,323
Spanish,323
French,323
Romanian,323
English,324
English,325
English,326
Norwegian,326
English,327
English,328
German,328
English,329
Spanish,329
Portuguese,329
English,330
German,330
English,331
English,332
Spanish,332
Russian,332
English,333
English,334
Spanish,334
English,335
Hindi,335
English,336
English,337
English,338
English,339
Spanish,339
English,340
English,341
Korean,341
English,342
English,343
Korean,343
French,343
English,344
English,345
Spanish,345
English,346
Aboriginal,346
Spanish,347
Quechua,347
English,347
English,348
Japanese,349
English,350
Khmer,351
English,351
French,351
Mandarin,352
English,353
Spanish,353
English,354
French,354
English,355
English,357
English,358
French,358
Scottish Gaelic,358
English,359
English,360
English,361
English,362
Mandarin,363
English,364
German,364
Danish,364
Mandarin,364
Cantonese,364
English,365
English,366
Hebrew,366
German,366
Spanish,367
English,367
English,368
French,368
French,369
Flemish,369
English,369
Spanish,370
English,370
Hindi,371
English,372
Hindi,372
English,373
German,373
French,373
Latin,373
Hindi,374
English,374
Hindi,375
Urdu,375
English,376
Latin,376
English,377
French,378
English,378
English,379
Swedish,379
English,380
English,381
English,382
English,383
English,384
Russian,384
Romanian,384
Slovenian,384
English,385
English,386
Filipino,387
Tagalog,387
English,387
Spanish,387
English,388
Portuguese,388
Japanese,388
English,389
English,390
English,391
French,392
English,392
English,394
English,395
Spanish,396
Portuguese,396
Italian,396
English,397
Aboriginal,397
English,398
English,399
English,400
English,401
English,402
Ukrainian,402
French,403
English,403
Italian,403
German,403
Yiddish,403
Georgian,404
English,405
Hindi,406
English,407
Turkmen,407
Cantonese,407
Italian,407
Spanish,407
Ukrainian,407
French,407
English,408
German,408
English,409
English,410
English,411
English,412
Irish,412
French,412
English,413
Italian,413
English,414
Spanish,414
German,414
Russian,414
English,415
English,416
English,417
Spanish,418
English,418
Catalan,418
English,419
English,420
English,421
English,422
Russian,422
Spanish,422
English,423
German,423
French,423
Latin,423
Hindi,424
English,424
English,425
English,426
Mandarin,426
English,427
French,428
English,429
English,430
French,430
Hungarian,430
Hindi,431
Urdu,431
English,432
English,433
Hindi,434
Hindi,435
English,436
English,437
Turkish,437
Greek,437
Russian,437
English,438
English,439
Japanese,439
German,439
French,439
English,440
English,441
Russian,441
English,442
Persian,442
Arabic,442
English,443
Latin,443
English,444
English,445
Hindi,446
Hindi,447
English,448
English,449
English,450
English,451
English,452
English,453
English,454
English,455
English,456
English,457
Korean,457
Cantonese,457
Spanish,457
German,457
Icelandic,457
Italian,457
Arabic,457
Mandarin,458
Cantonese,458
Japanese,458
English,459
English,460
English,461
English,462
English,463
English,464
French,464
Tibetan,464
Mandarin,464
Russian,464
Hindi,464
Portuguese,464
Latin,464
Italian,464
Spanish,464
Spanish,465
Hindi,465
English,465
Mandarin,465
French,465
English,466
Min Nan,466
Mandarin,466
English,467
English,468
English,469
Cantonese,470
Mandarin,470
English,470
Spanish,471
French,471
Dutch,471
Mapudungun,471
English,472
English,473
English,474
English,475
English,476
Hindi,477
English,478
Akan,478
English,479
English,480
English,481
English,482
English,483
English,484
Russian,485
English,486
Hindi,487
English,487
Marathi,487
Tamil,487
English,488
English,489
English,490
English,491
Portuguese,492
English,492
Spanish,493
German,493
English,494
English,495
English,496
Hindi,497
English,497
Japanese,498
English,499
English,500
English,501
English,502
English,503
English,504
English,505
Spanish,505
Hindi,506
English,506
English,507
Dutch,507
English,508
Japanese,508
French,509
English,509
Spanish,509
Arabic,509
English,510
German,510
Russian,510
English,511
German,511
English,512
English,513
Hindi,514
English,515
Russian,515
English,516
English,517
English,518
Mandarin,520
English,520
Russian,520
French,520
Japanese,520
Korean,520
Indonesian,520
Hindi,520
English,521
French,521
English,522
English,523
English,524
English,525
Urdu,526
Pushto,526
English,527
Russian,527
Spanish,527
Hindi,528
English,529
English,530
English,531
English,532
English,533
Hindi,533
Basque,534
English,535
English,536
Hindi,537
Hindi,538
English,538
English,539
English,541
English,542
English,543
English,544
English,545
English,546
English,547
Tamil,548
English,549
English,550
English,551
English,552
English,553
Spanish,553
English,554
English,555
English,556
English,557
English,558
Spanish,558
English,559
English,560
English,561
English,562
English,563
English,564
Spanish,564
Arabic,564
Polish,564
Turkish,564
Russian,564
Italian,564
Persian,564
Hindi,565
English,566
English,567
English,568
Spanish,569
French,569
English,569
English,570
Mandarin,570
English,571
French,571
English,572
Japanese,574
English,575
English,576
Spanish,576
Chinese,576
Russian,576
Portuguese,576
English,577
Hebrew,577
Arabic,577
Italian,577
English,578
Spanish,579
English,580
English,581
French,581
English,582
Japanese,583
English,584
English,585
English,586
English,587
Mandarin,588
Arabic,588
English,588
English,589
English,590
English,591
English,592
Spanish,592
English,593
English,594
Spanish,595
English,596
English,597
English,598
Arabic,599
English,599
Dutch,599
English,600
English,601
English,602
Hindi,603
Danish,604
English,605
Italian,605
Polish,605
French,605
Hindi,606
English,606
Urdu,606
English,607
English,608
Hindi,609
English,609
English,610
English,611
Filipino,612
Tagalog,612
English,613
French,613
English,614
English,615
Serbo-Croatian,615
English,616
French,616
Italian,617
English,618
Hindi,619
English,620
Chinese,620
Hindi,621
English,622
German,622
Japanese,623
English,623
English,624
English,625
Hindi,626
Urdu,626
Hindi,627
English,628
English,629
English,630
English,631
Italian,631
French,631
Mandarin,632
English,632
English,633
English,634
English,635
French,635
Italian,635
English,636
Spanish,636
Swedish,636
Japanese,637
English,638
English,639
Mandarin,639
English,640
English,641
Hindi,642
English,642
English,643
English,644
English,645
English,646
Mandarin,646
English,647
Catalan,647
Spanish,647
English,648
English,649
English,650
Ukrainian,650
English,651
English,652
Mandarin,652
English,653
Hindi,654
Urdu,654
English,654
Italian,654
English,655
Turkish,656
English,656
French,657
English,658
English,659
Hindi,660
English,661
Danish,662
German,662
Hindi,663
Hindi,664
English,665
English,666
Khmer,666
English,667
Telugu,668
Tamil,668
Hindi,668
English,669
English,670
English,671
English,672
English,673
English,674
English,675
English,676
English,677
English,678
Spanish,678
Portuguese,678
Arabic,679
English,680
French,680
Mandarin,680
German,680
Hindi,681
English,681
English,682
English,683
Spanish,683
English,684
English,685
English,686
English,687
Mandarin,687
English,688
English,689
Amharic,689
English,690
Akan,691
English,691
English,692
English,693
English,694
English,695
English,696
English,697
English,698
Portuguese,698
Spanish,698
French,698
English,699
English,700
English,701
English,702
Hindi,703
English,703
Chinese,703
Spanish,703
Hindi,704
English,705
English,706
English,707
Japanese,708
Cantonese,709
English,709
Mandarin,709
English,710
English,711
English,712
English,713
English,714
English,715
English,716
English,717
English,718
English,719
English,720
English,722
French,722
Spanish,723
French,723
English,724
English,725
English,726
Italian,726
English,727
English,728
English,729
English,730
English,731
Spanish,731
English,732
Korean,732
German,732
English,733
English,734
English,735
Spanish,736
English,736
English,737
Mandarin,737
Swiss German,737
Cantonese,737
Russian,737
English,738
Hindi,738
Manipuri,738
Xhosa,738
Hindi,739
English,740
Arabic,740
Persian,740
German,741
English,741
English,742
Cantonese,742
Hindi,743
English,743
English,744
English,745
English,746
English,747
English,748
English,749
English,750
Russian,750
English,751
English,752
English,753
English,754
English,755
English,756
German,756
French,756
Swedish,756
Spanish,757
English,758
Chinese,758
Cantonese,759
Mandarin,759
English,760
Spanish,760
Hindi,761
Arabic,762
English,763
English,764
English,765
Hindi,766
English,767
English,768
English,769
English,770
Spanish,770
Indonesian,771
English,772
Korean,772
Russian,773
Spanish,773
Finnish,773
English,774
Russian,774
Spanish,775
Thai,776
English,777
German,777
Arabic,777
Russian,777
French,777
English,778
English,779
English,780
English,781
English,782
Spanish,783
Kriolu,783
Aragonese,783
English,784
Spanish,784
English,785
French,786
English,787
Italian,787
English,788
English,789
English,790
English,791
English,792
English,793
English,794
English,795
Japanese,795
Spanish,795
English,796
Hindi,797
English,798
Brazilian Sign Language,798
English,799
Hindi,800
English,801
English,802
Arabic,803
Hebrew,803
English,803
Hindi,804
Urdu,804
English,805
English,806
English,807
German,808
English,809
Hindi,810
English,810
Korean,811
Japanese,811
English,812
English,813
English,814
English,815
English,816
English,817
English,818
English,819
English,820
Dutch,820
English,821
English,822
Japanese,823
Spanish,824
English,825
French,825
Italian,825
Russian,825
Spanish,825
English,826
Portuguese,826
Yiddish,827
English,827
Spanish,827
English,828
English,829
Dari,829
German,830
Mandarin,831
English,832
English,833
English,834
Hindi,835
English,836
English,837
Hindi,838
English,839
English,840
Japanese,841
Spanish,842
English,843
English,844
English,845
Mandarin,845
Spanish,845
Russian,845
Hindi,846
English,847
English,848
Turkish,849
Turkish,850
English,851
English,852
English,853
English,854
Hindi,855
English,855
English,856
English,857
English,858
English,859
English,860
English,861
English,862
English,863
English,864
Hindi,865
English,866
English,867
English,868
English,869
English,870
Hindi,871
Italian,872
Spanish,872
German,872
English,872
English,873
English,874
Greek,874
Japanese,875
English,875
English,876
Urdu,876
Mandarin,877
Spanish,878
Catalan,878
English,879
Mandarin,879
Thai,879
English,880
English,881
Spanish,881
Marathi,882
English,883
English,885
Japanese,886
Hindi,887
Bengali,887
Hindi,888
English,889
English,890
Arabic,890
English,891
English,892
Indonesian,892
English,893
English,894
French,894
Latin,894
English,895
English,896
Mandarin,896
German,896
English,897
English,898
Hindi,899
Japanese,900
English,900
English,901
Hindi,902
English,903
Spanish,903
German,903
English,904
English,905
English,906
English,907
Hindi,908
English,909
English,910
English,911
English,912
French,912
Spanish,913
English,913
Japanese,913
Latin,913
Hindi,914
English,914
English,915
Korean,917
Mandarin,917
English,918
English,919
English,920
Hindi,921
English,922
English,923
English,924
Spanish,925
English,926
Italian,926
English,927
English,928
English,929
Hindi,930
English,931
Japanese,931
English,932
English,933
English,934
English,935
English,936
Spanish,937
Wolof,938
French,938
English,938
Arabic,938
English,939
English,940
English,941
English,942
Hindi,943
Tamil,943
English,943
Marathi,943
Japanese,944
English,944
English,945
Tamil,946
Telugu,946
Hindi,946
English,946
Malayalam,946
Mandarin,946
French,946
English,947
Marathi,948
English,949
English,950
English,951
Pushto,951
English,952
English,953
French,953
English,954
English,955
Ukrainian,955
English,956
English,957
Hindi,958
English,959
English,960
English,961
Cantonese,962
English,962
English,964
Italian,965
English,966
Spanish,966
Russian,966
Italian,966
English,967
Hindi,968
English,969
English,970
Spanish,970
English,971
English,972
English,973
Japanese,973
Chinese,973
Spanish,973
English,974
English,975
Spanish,975
Hindi,976
English,976
English,977
Spanish,977
English,978
English,979
Hindi,980
English,981
English,982
Italian,982
English,983
Hindi,984
English,984
Hindi,985
Marathi,985
English,985
English,986
English,987
Hindi,988
English,989
English,990
English,991
English,993
English,994
Arabic,994
Filipino,995
Tagalog,995
English,996
English,997
English,998
English,999
English,1000
French,1001
English,1001
Italian,1001
English,1002
English,1003
Hebrew,1004
English,1004
Arabic,1004
Russian,1004
English,1005
Japanese,1005
English,1006
English,1007
Spanish,1007
English,1008
Japanese,1008
English,1009
Chinese,1009
Spanish,1009
French,1009
Ukrainian,1009
Spanish,1010
English,1011
Turkish,1012
French,1012
English,1013
Russian,1013
Serbian,1013
Bosnian,1013
Croatian,1013
Polish,1013
Spanish,1014
English,1015
English,1016
Japanese,1017
English,1018
English,1019
English,1020
Spanish,1020
English,1021
Spanish,1021
Turkish,1022
English,1023
English,1024
Spanish,1025
English,1025
English,1026
English,1027
English,1028
Japanese,1029
Mandarin,1030
English,1031
English,1032
English,1033
English,1034
English,1035
English,1036
English,1038
English,1039
English,1040
Japanese,1041
English,1041
English,1042
English,1043
English,1044
English,1045
English,1046
English,1047
English,1048
English,1049
Cantonese,1050
Mandarin,1050
Hindi,1051
English,1052
Chinese,1052
English,1053
German,1053
French,1053
Arabic,1053
English,1054
English,1055
English,1056
English,1057
French,1057
English,1058
French,1058
Spanish,1058
English,1059
English,1060
Spanish,1060
Hindi,1061
English,1062
Filipino,1063
Tagalog,1063
English,1064
English,1065
English,1066
Hindi,1067
English,1068
Serbo-Croatian,1068
Russian,1068
Hindi,1069
Mandarin,1070
English,1070
English,1071
English,1072
English,1073
English,1074
Hindi,1075
English,1076
English,1077
English,1078
English,1079
Spanish,1079
French,1079
English,1080
Japanese,1081
Japanese,1082
Filipino,1083
Tagalog,1083
Japanese,1084
English,1085
German,1086
Urdu,1087
Turkish,1088
English,1088
Hindi,1089
English,1089
English,1090
English,1091
English,1092
English,1093
Turkish,1093
Spanish,1094
English,1094
Hindi,1095
Hindi,1096
English,1097
English,1098
Japanese,1099
French,1100
English,1101
English,1102
English,1103
English,1104
Flemish,1105
Dutch,1105
Hindi,1106
English,1106
Slovenian,1107
Serbian,1107
Croatian,1107
English,1107
English,1108
Thai,1109
Telugu,1110
Malayalam,1110
Dutch,1111
English,1112
English,1113
English,1114
English,1115
Hindi,1116
German,1116
Italian,1116
Marathi,1117
English,1118
Spanish,1119
Spanish,1120
English,1121
English,1122
Indonesian,1123
German,1123
English,1124
Spanish,1124
English,1125
English,1126
English,1127
English,1128
English,1129
English,1130
English,1131
Spanish,1131
Hindi,1132
English,1133
Japanese,1134
Hindi,1135
Awadhi,1135
English,1136
English,1137
German,1138
Yiddish,1138
Hebrew,1138
English,1139
English,1140
Swedish,1140
English,1141
English,1142
English,1143
English,1144
English,1145
Aramaic,1145
English,1146
English,1147
Spanish,1148
English,1148
Spanish,1149
English,1149
Basque,1149
English,1150
German,1151
Arabic,1152
French,1152
English,1152
English,1153
English,1154
English,1155
Punjabi,1156
English,1157
English,1158
English,1159
English,1160
English,1161
English,1162
Mandarin,1163
Icelandic,1164
English,1164
English,1165
English,1166
English,1167
Filipino,1168
Tagalog,1168
English,1169
Hindi,1170
English,1171
English,1172
English,1173
Japanese,1174
Tamil,1175
English,1176
English,1177
English,1178
German,1178
English,1179
Arabic,1179
Pushto,1179
English,1180
English,1181
Chinese,1181
Khmer,1181
English,1182
English,1183
Cantonese,1183
Mandarin,1183
Portuguese,1183
English,1184
English,1185
Hindi,1186
English,1187
Catalan,1187
Spanish,1187
Hindi,1188
English,1189
English,1190
German,1191
English,1191
Mandarin,1192
English,1192
Mongolian,1192
English,1193
English,1194
Japanese,1196
English,1196
English,1197
Japanese,1198
Hindi,1200
English,1202
Spanish,1203
English,1203
English,1204
English,1205
Hindi,1206
English,1206
English,1207
English,1208
English,1209
Latin,1209
English,1210
English,1211
Armenian,1211
English,1212
French,1213
English,1214
English,1215
English,1216
Hindi,1217
English,1218
Hindi,1219
English,1219
English,1220
Afrikaans,1220
Japanese,1221
English,1222
Hindi,1223
Spanish,1224
English,1224
English,1225
English,1226
English,1227
English,1228
English,1229
French,1230
Arabic,1230
English,1231
Tamil,1232
Hindi,1233
English,1234
English,1235
English,1236
American Sign Language,1237
English,1237
English,1238
Turkish,1239
English,1239
English,1240
English,1241
English,1242
English,1243
Indonesian,1244
English,1244
English,1245
English,1246
English,1247
Italian,1247
French,1247
Danish,1247
English,1248
English,1249
English,1250
French,1251
Italian,1251
Hungarian,1251
Spanish,1252
French,1252
Afrikaans,1252
Japanese,1253
English,1254
Spanish,1254
English,1255
English,1256
French,1256
English,1257
English,1258
English,1259
Turkish,1260
Spanish,1261
Hindi,1262
Hebrew,1263
Japanese,1264
Indonesian,1265
Hindi,1266
Marathi,1266
Bengali,1266
English,1266
Portuguese,1266
Hindi,1267
English,1268
English,1269
English,1270
Hindi,1271
English,1271
English,1272
English,1273
Japanese,1274
Japanese,1275
English,1276
English,1277
English,1278
English,1279
English,1280
Hindi,1281
Marathi,1281
English,1281
English,1282
English,1283
Korean,1284
English,1285
Malayalam,1286
English,1287
English,1288
Hindi,1289
English,1290
Swedish,1290
French,1290
Vietnamese,1290
Russian,1290
Hebrew,1290
English,1291
Hindi,1292
English,1292
Turkish,1294
English,1295
English,1296
Japanese,1297
Spanish,1298
English,1299
Spanish,1299
Flemish,1300
Dutch,1300
English,1301
English,1302
English,1303
Hindi,1304
Hindi,1305
English,1307
English,1308
Indonesian,1309
English,1310
Japanese,1311
Punjabi,1312
English,1313
French,1314
English,1315
English,1316
Hindi,1317
English,1318
Spanish,1319
Polish,1319
English,1320
English,1321
English,1322
English,1323
English,1324
Japanese,1325
English,1326
Hindi,1327
English,1328
Spanish,1329
English,1330
Spanish,1330
English,1332
English,1333
English,1334
German,1335
French,1335
Swedish,1335
English,1335
English,1336
English,1337
English,1338
English,1339
English,1340
English,1341
English,1342
English,1343
Japanese,1344
Hindi,1346
English,1347
Spanish,1347
Italian,1347
French,1347
Filipino,1348
Tagalog,1348
English,1349
English,1350
English,1351
English,1352
English,1353
Arabic,1353
English,1354
Bengali,1355
English,1355
Mandarin,1355
French,1356
Tamil,1357
Malayalam,1357
Hindi,1358
English,1359
English,1360
English,1361
Hindi,1362
English,1363
English,1364
English,1365
German,1365
English,1366
English,1367
English,1368
English,1369
English,1370
Tagalog,1371
Filipino,1371
Hindi,1372
English,1373
Khmer,1374
English,1374
French,1374
English,1375
Spanish,1376
English,1377
Filipino,1378
Tagalog,1378
English,1379
French,1380
English,1380
German,1380
Nepali,1380
English,1381
Spanish,1382
English,1382
English,1383
Japanese,1384
English,1386
English,1387
Ukrainian,1387
Russian,1387
English,1388
English,1389
Japanese,1389
English,1390
English,1391
French,1392
Lingala,1392
French,1393
German,1394
English,1395
English,1396
French,1396
Spanish,1397
English,1397
Hindi,1398
Hindi,1399
English,1400
English,1401
Mandarin,1402
English,1403
Turkish,1404
French,1405
English,1406
Thai,1407
Indonesian,1408
English,1409
Polish,1410
German,1410
English,1411
Spanish,1412
English,1413
Hindi,1414
English,1415
Spanish,1415
English,1416
German,1416
French,1416
Japanese,1417
English,1418
English,1419
English,1420
English,1421
English,1422
Hindi,1423
English,1424
Spanish,1425
English,1425
English,1426
English,1427
English,1428
Russian,1428
Hindi,1429
Hindi,1430
Spanish,1431
English,1432
German,1432
Hindi,1433
Polish,1434
Hindi,1435
Arabic,1436
English,1437
Portuguese,1438
Hindi,1439
English,1440
English,1441
English,1442
English,1443
Spanish,1443
English,1444
English,1445
English,1446
English,1447
Russian,1447
English,1448
English,1449
German,1449
Spanish,1449
English,1450
Hindi,1451
English,1452
English,1453
Japanese,1454
English,1455
English,1456
Japanese,1456
English,1457
Mohawk,1457
French,1457
Japanese,1458
Romanian,1459
English,1459
Hindi,1460
English,1461
English,1462
French,1462
Russian,1462
Italian,1463
Hindi,1464
Filipino,1465
Tagalog,1465
Spanish,1465
German,1466
Filipino,1467
Tagalog,1467
English,1467
English,1468
English,1470
French,1471
English,1472
Spanish,1472
English,1473
French,1473
Ukrainian,1473
Korean,1474
Spanish,1475
Hindi,1476
Punjabi,1476
English,1476
English,1477
English,1478
English,1479
English,1480
English,1481
English,1482
English,1483
English,1484
Hindi,1485
English,1486
English,1487
Hindi,1488
English,1489
Japanese,1489
English,1490
English,1491
French,1491
Japanese,1492
Hindi,1493
English,1493
Korean,1494
Mandarin,1494
English,1494
English,1495
Malayalam,1496
English,1497
English,1498
Hindi,1499
English,1500
English,1501
English,1502
English,1503
English,1504
Spanish,1505
Spanish,1506
English,1507
Russian,1508
German,1508
English,1509
German,1509
French,1509
Thai,1510
Malayalam,1511
English,1512
Spanish,1513
English,1514
English,1515
Kannada,1516
English,1518
English,1519
Italian,1520
English,1520
French,1520
English,1521
English,1522
English,1523
English,1524
English,1525
English,1526
Turkish,1527
French,1528
Arabic,1528
Turkish,1529
English,1530
Thai,1531
English,1532
Spanish,1532
English,1533
English,1534
English,1535
Hindi,1536
English,1537
Norwegian,1538
English,1538
Spanish,1539
English,1540
Hindi,1541
English,1542
Spanish,1542
Japanese,1543
English,1543
English,1544
English,1545
English,1546
English,1547
English,1548
English,1549
Cantonese,1550
English,1551
English,1552
English,1553
Dutch,1554
Yiddish,1554
English,1554
Hindi,1555
English,1556
Spanish,1556
Finnish,1557
Hindi,1558
Spanish,1559
Turkish,1560
English,1561
Spanish,1562
English,1563
Japanese,1564
Japanese,1565
English,1567
Spanish,1568
Hindi,1569
English,1569
English,1570
Spanish,1571
English,1572
Spanish,1573
Filipino,1574
Tagalog,1574
Tagalog,1575
Filipino,1575
English,1576
English,1577
English,1578
Turkish,1579
Japanese,1580
English,1581
Gujarati,1582
English,1583
English,1584
Korean,1585
English,1586
English,1587
English,1588
Tamil,1589
English,1590
English,1591
English,1593
English,1594
Spanish,1595
English,1595
Italian,1595
Turkish,1596
English,1597
English,1598
English,1599
English,1600
English,1601
Malay,1602
English,1602
Hindi,1603
English,1604
English,1605
English,1606
Dutch,1606
English,1607
English,1608
English,1609
Indonesian,1610
German,1610
Dutch,1610
English,1610
English,1611
Telugu,1612
Tamil,1612
English,1613
English,1614
English,1615
English,1616
English,1617
English,1618
English,1619
English,1620
English,1621
Tagalog,1622
Filipino,1622
English,1622
English,1623
English,1624
Cantonese,1625
Swedish,1626
Ukrainian,1626
English,1626
English,1627
English,1628
Filipino,1629
Tagalog,1629
Filipino,1630
Tagalog,1630
English,1631
English,1632
Hindi,1633
Assamese,1633
English,1634
Hindi,1635
English,1635
English,1636
English,1637
Hindi,1638
English,1639
English,1640
English,1641
Indonesian,1642
English,1643
English,1644
Spanish,1644
English,1645
Spanish,1645
Finnish,1645
English,1646
French,1647
English,1648
Telugu,1649
Hindi,1649
English,1650
Arabic,1651
French,1651
English,1652
Mandarin,1653
English,1654
Swedish,1654
English,1655
English,1656
Korean,1657
English,1659
English,1660
Cantonese,1661
Mandarin,1661
English,1662
Hindi,1663
English,1664
Thai,1665
English,1666
Malayalam,1667
English,1668
Thai,1668
English,1669
English,1670
English,1671
English,1672
Korean,1672
English,1673
English,1674
English,1675
English,1676
English,1677
Filipino,1678
English,1679
Spanish,1680
English,1681
Punjabi,1682
Hindi,1683
Korean,1684
Filipino,1685
Tagalog,1685
English,1685
English,1686
Hindi,1687
English,1688
English,1689
French,1689
English,1690
English,1691
Japanese,1692
English,1693
English,1694
Spanish,1695
English,1695
English,1696
Cantonese,1698
English,1699
Filipino,1700
Tagalog,1700
English,1701
Hindi,1702
English,1703
Hindi,1704
English,1705
English,1706
Hindi,1707
English,1708
English,1709
English,1710
French,1711
Hindi,1712
English,1712
French,1712
French,1713
Spanish,1714
English,1715
Spanish,1716
Hindi,1717
English,1717
English,1718
Polish,1719
Danish,1719
English,1720
English,1721
English,1722
Chinese,1722
English,1723
Hindi,1724
English,1725
English,1726
Thai,1727
Spanish,1728
English,1729
English,1730
English,1731
English,1732
Telugu,1733
English,1734
English,1735
German,1735
Italian,1735
Japanese,1735
Amharic,1735
Russian,1735
English,1736
English,1737
English,1738
Filipino,1739
Tagalog,1739
English,1740
Spanish,1741
English,1742
English,1743
English,1744
English,1745
English,1746
English,1747
English,1748
Spanish,1748
Cantonese,1749
Mandarin,1749
Turkish,1750
Turkmen,1750
Hindi,1751
English,1752
Hindi,1753
Hindi,1754
Croatian,1755
English,1756
English,1757
English,1758
English,1759
Kannada,1760
Cantonese,1761
English,1762
French,1762
Filipino,1763
Tagalog,1763
English,1764
French,1764
English,1765
English,1766
French,1766
Hindi,1767
Japanese,1768
Hindi,1769
Bengali,1769
English,1769
Hindi,1770
English,1770
English,1771
German,1772
English,1772
Polish,1772
Swedish,1772
English,1773
Filipino,1774
Tagalog,1774
Portuguese,1775
English,1776
English,1777
Spanish,1778
Telugu,1779
English,1780
English,1781
Indonesian,1782
Malay,1782
English,1782
English,1783
English,1784
Hindi,1785
English,1785
Telugu,1786
Hindi,1787
English,1787
Cantonese,1788
English,1788
Hindi,1789
English,1790
Urdu,1791
Pushto,1791
English,1792
English,1793
Cantonese,1794
English,1795
Arabic,1796
Hindi,1797
Spanish,1798
Mixtec,1798
Spanish,1799
German,1800
Vietnamese,1800
English,1801
English,1802
Punjabi,1802
Hindi,1803
English,1804
English,1805
Tamil,1806
English,1807
English,1808
English,1809
English,1810
English,1811
Italian,1812
Tamil,1813
English,1814
English,1815
Turkish,1816
English,1817
English,1818
English,1819
Malayalam,1820
English,1821
English,1822
Hindi,1823
English,1823
French,1824
English,1825
English,1826
English,1827
English,1828
English,1829
Spanish,1829
English,1830
Spanish,1831
French,1831
Swahili,1831
English,1831
Italian,1831
Indonesian,1832
Hindi,1833
English,1834
English,1835
English,1836
Indonesian,1837
Malay,1838
Hindi,1839
English,1839
English,1840
Spanish,1842
Hindi,1843
English,1844
English,1845
English,1846
Spanish,1846
English,1847
Spanish,1848
Portuguese,1848
English,1849
English,1850
Gujarati,1851
English,1852
Finnish,1853
Swedish,1853
English,1854
English,1855
Polish,1856
Turkish,1857
English,1858
Turkish,1860
Hindi,1861
English,1862
Indonesian,1863
Arabic,1863
Thai,1864
English,1865
English,1866
Malayalam,1867
English,1868
Spanish,1869
Tamil,1870
French,1871
Hungarian,1871
Italian,1871
English,1871
English,1872
English,1873
Hindi,1873
Tamil,1873
Gujarati,1873
English,1874
Turkish,1875
Dutch,1875
English,1875
French,1875
German,1875
Danish,1876
English,1877
English,1878
German,1878
Hindi,1879
Marathi,1879
English,1879
Thai,1880
English,1881
Turkish,1882
English,1883
English,1884
English,1885
Maori,1885
English,1886
Marathi,1888
Urdu,1889
English,1890
Tamil,1891
Portuguese,1892
English,1893
Urdu,1894
English,1895
French,1895
Arabic,1895
German,1896
Russian,1896
English,1897
Spanish,1898
English,1899
English,1900
Spanish,1901
German,1901
Turkish,1902
English,1903
English,1904
Serbian,1904
Bosnian,1904
Urdu,1905
Hindi,1905
English,1906
Hindi,1907
English,1908
English,1909
Filipino,1909
Tagalog,1909
English,1910
English,1911
Dutch,1912
Minangkabau,1912
Indonesian,1912
Spanish,1914
French,1915
Spanish,1915
Italian,1915
English,1915
Turkish,1916
English,1917
English,1918
English,1919
French,1920
Malayalam,1921
English,1922
Italian,1923
English,1923
French,1923
English,1924
English,1925
Hindi,1926
Hindi,1927
Turkish,1928
American Sign Language,1929
English,1929
Spanish,1929
English,1930
Slovenian,1931
Spanish,1932
Portuguese,1932
English,1933
Hindi,1934
English,1934
Urdu,1934
Russian,1934
Arabic,1935
English,1935
French,1935
Spanish,1936
Catalan,1936
English,1936
Spanish,1937
English,1938
English,1939
English,1940
Thai,1941
English,1942
English,1943
French,1944
English,1945
Spanish,1946
French,1946
English,1946
English,1947
English,1948
English,1949
English,1951
Korean,1952
English,1953
English,1954
English,1955
Spanish,1955
Arabic,1955
English,1956
Turkish,1957
English,1958
English,1959
English,1960
English,1961
English,1962
English,1963
English,1964
Hebrew,1965
Russian,1965
Chechen,1965
English,1966
English,1967
Tamil,1968
English,1969
Hindi,1971
English,1972
Hindi,1973
Hindi,1974
English,1975
English,1976
Hindi,1977
Danish,1978
English,1978
English,1979
Bengali,1981
English,1982
Hindi,1983
Filipino,1984
Tagalog,1984
English,1984
English,1985
English,1986
Tamil,1987
English,1988
English,1989
Spanish,1990
Portuguese,1991
Portuguese,1992
Arabic,1994
English,1995
English,1996
English,1997
English,1998
French,1999
Wolof,1999
Romanian,1999
Norwegian,1999
English,2000
English,2001
English,2002
Hindi,2003
English,2004
English,2005
Indonesian,2006
Nepali,2007
Hindi,2008
Urdu,2008
English,2009
Mandarin,2010
Hindi,2011
English,2012
Turkish,2013
English,2014
English,2015
Hindi,2017
English,2018
English,2019
Spanish,2020
Urdu,2021
Hindi,2021
English,2022
Turkish,2023
English,2024
Hindi,2025
English,2026
English,2027
Turkish,2028
English,2029
Mandarin,2029
Norwegian,2030
French,2030
English,2031
Turkish,2032
English,2033
English,2034
Romanian,2035
English,2035
English,2036
Punjabi,2037
Arabic,2038
English,2039
English,2040
Spanish,2040
English,2041
English,2042
Filipino,2042
English,2043
English,2044
English,2045
English,2046
English,2047
Filipino,2048
Tagalog,2048
English,2049
English,2050
English,2051
English,2052
Hindi,2053
English,2054
Urdu,2055
English,2056
German,2056
Czech,2056
English,2057
English,2058
French,2058
Spanish,2059
English,2060
English,2061
Swedish,2062
English,2062
German,2062
Russian,2062
English,2063
Spanish,2066
Turkish,2067
Kannada,2068
Hindi,2068
English,2068
English,2069
Arabic,2070
English,2071
Tamil,2072
English,2073
Cantonese,2074
Arabic,2075
English,2076
English,2077
English,2078
Hindi,2079
Punjabi,2079
Hindi,2080
Punjabi,2080
English,2080
Turkish,2081
English,2082
Mandarin,2082
English,2083
English,2084
English,2085
Spanish,2086
English,2087
Japanese,2088
English,2089
English,2090
English,2091
Italian,2091
Hindi,2092
English,2093
Arabic,2094
Turkish,2095
Japanese,2096
Hindi,2097
Tamil,2098
Tamil,2099
English,2100
English,2101
English,2102
Spanish,2102
English,2103
English,2105
Spanish,2105
German,2105
Hindi,2106
English,2108
English,2109
English,2110
English,2111
English,2112
English,2113
English,2114
Japanese,2115
English,2115
English,2116
English,2117
English,2118
Turkish,2119
Hindi,2120
English,2121
Cantonese,2122
English,2123
English,2124
Turkish,2125
Bengali,2126
English,2127
Malay,2128
English,2128
Mandarin,2129
English,2129
French,2129
English,2130
English,2131
English,2132
Malayalam,2133
English,2134
Hindi,2135
Urdu,2135
English,2136
French,2137
English,2138
English,2139
Spanish,2140
French,2141
English,2142
Hungarian,2142
English,2143
English,2144
Filipino,2145
Tagalog,2145
English,2145
English,2146
English,2147
English,2148
Spanish,2148
French,2148
Indonesian,2149
Kannada,2150
English,2151
English,2152
English,2153
Spanish,2154
English,2155
Japanese,2155
Korean,2156
English,2156
English,2157
Filipino,2158
Tagalog,2158
English,2159
Indonesian,2160
English,2161
English,2162
Chinese,2162
Mandarin,2163
English,2164
Thai,2165
English,2166
English,2167
Spanish,2168
Filipino,2170
French,2171
Spanish,2172
Arabic,2172
English,2173
Thai,2174
Turkish,2175
English,2176
English,2177
Turkish,2178
Filipino,2179
Tagalog,2179
English,2180
English,2181
English,2182
Indonesian,2183
Malay,2183
English,2183
Vietnamese,2183
Bengali,2184
French,2184
Urdu,2185
Thai,2186
Tamil,2187
Kannada,2187
Hindi,2188
Spanish,2189
Dutch,2189
English,2189
English,2190
Indonesian,2191
Spanish,2192
English,2193
English,2194
German,2194
Italian,2194
English,2195
Japanese,2196
German,2197
English,2198
English,2199
French,2201
English,2202
Portuguese,2203
Indonesian,2204
English,2205
English,2206
English,2207
Hindi,2208
English,2209
English,2210
Filipino,2211
Tagalog,2211
Japanese,2211
Korean,2211
English,2212
English,2213
English,2214
German,2214
English,2215
English,2216
Cantonese,2217
English,2218
Hindi,2219
English,2220
English,2221
Thai,2222
English,2223
Spanish,2224
Turkish,2225
English,2226
English,2227
Arabic,2227
Cantonese,2228
Mandarin,2228
English,2228
Portuguese,2228
Spanish,2229
Tarahumara,2229
German,2230
French,2231
Greenlandic,2231
English,2231
English,2232
English,2233
Turkish,2234
Hindi,2235
English,2236
German,2236
Hindi,2237
English,2238
Mandarin,2239
Chinese,2239
English,2239
Cantonese,2239
English,2240
Basque,2241
Spanish,2241
Catalan,2241
Hindi,2242
Urdu,2242
Norwegian,2243
English,2245
French,2246
English,2246
Spanish,2246
Spanish,2247
Italian,2248
English,2249
Spanish,2250
English,2251
Bengali,2252
English,2253
English,2254
English,2255
English,2256
English,2257
Indonesian,2258
Spanish,2259
Basque,2259
Hindi,2260
English,2261
Turkish,2262
English,2263
English,2264
Malay,2265
English,2266
English,2267
Spanish,2268
English,2269
Portuguese,2270
Portuguese,2271
English,2272
French,2273
Dutch,2275
Portuguese,2276
Mandarin,2277
English,2277
Korean,2278
Spanish,2279
Telugu,2280
English,2281
English,2282
French,2283
Thai,2284
Japanese,2284
English,2285
Chinese,2285
Korean,2285
Japanese,2285
Urdu,2286
Indonesian,2287
French,2288
English,2288
English,2289
Punjabi,2290
Chinese,2292
English,2293
Tamil,2294
English,2295
English,2296
Hebrew,2296
English,2297
Spanish,2298
English,2299
Bosnian,2299
Serbian,2299
German,2299
French,2300
English,2301
English,2302
Thai,2303
Spanish,2304
English,2304
Vietnamese,2304
English,2305
Tamil,2306
Telugu,2306
English,2307
Turkish,2308
English,2309
Spanish,2309
English,2310
English,2311
Indonesian,2312
Urdu,2313
English,2313
Pushto,2313
Spanish,2314
English,2315
Japanese,2315
English,2316
English,2317
English,2318
Malayalam,2318
Tamil,2318
Hindi,2318
Hindi,2319
English,2320
Hindi,2321
Urdu,2321
English,2321
Hindi,2322
English,2323
English,2324
Italian,2324
English,2325
Serbian,2325
English,2326
English,2327
French,2328
English,2329
English,2330
Turkish,2331
English,2332
Italian,2333
Spanish,2334
English,2335
Spanish,2336
Catalan,2337
French,2337
Spanish,2337
Hindi,2338
English,2340
English,2341
French,2342
English,2343
English,2344
Spanish,2345
English,2346
Spanish,2346
French,2346
Arabic,2346
English,2347
Russian,2347
Spanish,2347
English,2348
Turkish,2349
English,2350
Polish,2351
English,2351
Spanish,2351
Hindi,2352
Marathi,2352
English,2352
English,2353
English,2354
German,2355
Hindi,2357
English,2358
English,2360
English,2361
English,2362
Zulu,2363
English,2364
English,2365
Malay,2366
Indonesian,2366
Tagalog,2366
Hindi,2367
English,2368
French,2368
Spanish,2369
English,2370
Spanish,2370
French,2370
Hindi,2371
English,2372
Punjabi,2373
German,2374
Hebrew,2374
Yiddish,2374
Spanish,2375
English,2376
Spanish,2376
Hindi,2377
Japanese,2378
English,2379
Tamil,2380
Indonesian,2381
Spanish,2382
English,2383
English,2384
English,2385
English,2386
English,2387
English,2388
Hindi,2389
Italian,2389
English,2390
English,2391
Spanish,2392
Filipino,2393
Tagalog,2393
English,2394
English,2395
English,2397
English,2398
Hindi,2399
English,2400
English,2401
German,2401
Swedish,2401
Mongolian,2401
Spanish,2402
Afrikaans,2402
Polish,2403
English,2404
German,2404
Hindi,2405
English,2406
English,2407
Mandarin,2408
Tamil,2409
French,2411
English,2412
Hindi,2413
English,2414
Thai,2415
English,2416
French,2417
English,2417
English,2418
English,2419
English,2420
English,2421
English,2422
Hindi,2423
English,2425
Hindi,2426
Filipino,2427
Tagalog,2427
Hindi,2428
Hindi,2429
English,2430
Filipino,2431
Tagalog,2431
English,2432
Hindi,2433
Urdu,2434
Hindi,2435
Hindi,2436
Spanish,2437
English,2438
Spanish,2439
Indonesian,2440
Spanish,2441
English,2442
Filipino,2443
English,2443
German,2446
English,2446
Hindi,2447
English,2448
Portuguese,2449
English,2450
English,2451
English,2452
English,2453
French,2455
Turkish,2456
French,2456
Hindi,2457
English,2458
German,2459
Spanish,2460
Hindi,2461
English,2461
Bengali,2461
Urdu,2461
Bhojpuri,2461
Telugu,2462
English,2463
Chinese,2465
French,2466
English,2466
French,2467
English,2468
English,2469
Hindi,2470
Spanish,2471
Spanish,2472
English,2472
Hindi,2473
Hindi,2474
English,2475
Malayalam,2476
Punjabi,2476
English,2477
Portuguese,2478
English,2479
Hindi,2481
English,2481
Punjabi,2482
Hindi,2483
English,2484
English,2485
English,2486
English,2487
English,2488
Dutch,2489
English,2489
Spanish,2490
Hindi,2491
Korean,2492
English,2493
Indonesian,2494
Portuguese,2495
English,2496
Hindi,2497
Russian,2497
English,2497
Hebrew,2498
French,2499
Kannada,2500
English,2501
English,2503
French,2503
English,2504
Spanish,2504
Turkish,2505
English,2506
Mandarin,2507
Min Nan,2507
English,2509
Marathi,2510
Hindi,2511
English,2512
English,2513
English,2514
Italian,2515
English,2516
English,2517
English,2518
French,2519
English,2520
Hindi,2521
Russian,2521
Hindi,2522
English,2522
Cantonese,2523
Mandarin,2523
English,2524
Hindi,2525
English,2525
Punjabi,2525
Kannada,2526
English,2527
English,2528
French,2529
Indonesian,2530
Czech,2530
English,2530
English,2531
French,2531
Indonesian,2532
Tamil,2533
Punjabi,2534
Tamil,2535
Hindi,2536
English,2537
Spanish,2537
English,2538
English,2539
Korean,2540
English,2541
English,2542
Mandarin,2543
Spanish,2544
Chinese,2545
Italian,2546
English,2547
Hindi,2548
English,2549
Malay,2550
English,2551
English,2552
English,2554
English,2555
Flemish,2555
English,2556
Tamil,2557
Tamil,2558
English,2559
English,2560
Filipino,2562
Tagalog,2562
English,2562
French,2562
Hindi,2563
English,2564
Spanish,2564
Hindi,2565
Thai,2566
Filipino,2567
Tagalog,2567
Cantonese,2568
Mandarin,2568
English,2569
English,2571
English,2572
Hindi,2573
Hindi,2574
English,2575
English,2576
English,2577
English,2578
Punjabi,2579
English,2580
German,2581
Spanish,2583
English,2584
Italian,2585
Mandarin,2586
Portuguese,2586
Spanish,2586
French,2586
German,2586
English,2587
Urdu,2588
Japanese,2590
English,2591
English,2592
English,2594
English,2595
English,2596
Kannada,2597
French,2598
English,2598
English,2599
Turkish,2600
English,2601
English,2602
English,2603
Arabic,2604
English,2605
English,2606
German,2606
English,2608
Telugu,2609
English,2610
Tamil,2611
Telugu,2611
Italian,2612
English,2612
Spanish,2613
Hindi,2614
English,2614
Marathi,2614
Russian,2615
English,2615
French,2615
English,2616
English,2617
Tamil,2618
Punjabi,2619
English,2620
English,2621
English,2622
English,2623
Turkish,2625
English,2626
English,2627
French,2628
English,2628
English,2629
English,2630
English,2631
Punjabi,2632
Thai,2633
Korean,2634
Arabic,2636
English,2637
Swedish,2638
Portuguese,2639
Hindi,2640
Punjabi,2641
Hindi,2642
Sanskrit,2642
English,2643
English,2645
Hindi,2647
English,2647
English,2648
English,2649
Spanish,2649
Italian,2649
Spanish,2650
English,2651
Arabic,2651
Cantonese,2652
Mandarin,2653
English,2653
English,2654
Mandarin,2655
Spanish,2656
English,2657
Hindi,2658
English,2660
English,2661
French,2661
English,2662
Hindi,2663
Turkish,2664
German,2664
English,2665
Spanish,2666
English,2667
English,2668
Armenian,2668
German,2668
French,2668
Turkish,2668
Portuguese,2670
Hindi,2671
English,2672
English,2673
English,2674
English,2675
Bengali,2676
Tamil,2677
English,2678
Norwegian,2680
English,2681
English,2682
Spanish,2683
Hindi,2684
English,2685
English,2686
Hindi,2687
English,2688
Marathi,2689
Hindi,2690
English,2690
English,2691
Hindi,2692
Spanish,2693
Punjabi,2694
Indonesian,2695
Spanish,2696
Hindi,2697
Arabic,2698
English,2699
Hindi,2700
Punjabi,2700
Mandarin,2701
English,2702
Spanish,2703
English,2704
Spanish,2706
English,2707
Hindi,2708
Turkish,2709
Hindi,2710
English,2711
Marathi,2712
English,2713
English,2714
English,2715
Spanish,2716
English,2717
English,2718
Tamil,2719
English,2720
English,2721
Tamil,2723
Thai,2724
English,2725
English,2726
Hindi,2727
Cantonese,2728
Spanish,2729
Hebrew,2730
English,2731
Spanish,2731
French,2731
English,2732
English,2733
English,2734
Afrikaans,2734
French,2734
English,2735
English,2736
English,2737
Spanish,2738
English,2739
Punjabi,2739
English,2740
French,2741
Polish,2742
Spanish,2743
English,2744
French,2745
Spanish,2746
English,2747
Hindi,2748
Punjabi,2749
Indonesian,2750
English,2750
Spanish,2751
Indonesian,2752
Gujarati,2753
Spanish,2754
Romanian,2755
Hindi,2756
English,2757
Punjabi,2758
English,2759
English,2760
Spanish,2761
English,2762
Catalan,2763
Spanish,2763
Bengali,2764
English,2765
Spanish,2765
English,2766
Hindi,2767
English,2768
English,2769
English,2770
Malayalam,2771
English,2772
English,2773
French,2774
Cantonese,2775
Italian,2776
English,2776
Spanish,2776
English,2777
English,2778
Japanese,2779
English,2779
Portuguese,2779
English,2780
English,2781
English,2782
Spanish,2783
English,2784
Arabic,2785
Malayalam,2786
German,2787
Urdu,2788
Tajik,2788
Russian,2788
French,2789
English,2790
Spanish,2791
English,2792
English,2793
Arabic,2794
English,2795
English,2796
French,2797
Romanian,2798
Malayalam,2799
Portuguese,2800
English,2801
Arabic,2802
Hindi,2803
English,2803
Mandarin,2804
Korean,2804
English,2804
Hindi,2805
English,2806
Serbo-Croatian,2806
Japanese,2807
English,2807
English,2808
English,2809
English,2810
Danish,2811
English,2811
Czech,2811
German,2812
Marathi,2813
English,2814
English,2815
English,2816
German,2817
English,2818
Spanish,2818
Telugu,2819
Hindi,2820
Hindi,2821
Spanish,2823
German,2823
Basque,2823
Finnish,2824
English,2825
English,2826
Urdu,2827
English,2827
Punjabi,2827
Bhojpuri,2827
English,2828
English,2829
English,2830
Malayalam,2831
English,2832
Spanish,2833
Hindi,2834
Urdu,2834
English,2835
English,2836
Cantonese,2837
English,2838
English,2839
Cantonese,2839
Mandarin,2839
English,2840
English,2841
Hindi,2843
German,2844
Hindi,2845
Arabic,2846
English,2847
French,2847
English,2848
English,2849
Mandarin,2850
Turkish,2851
English,2852
Hindi,2853
Cantonese,2854
Mandarin,2854
English,2856
German,2856
Japanese,2856
Serbian,2856
Arabic,2857
Punjabi,2858
English,2859
English,2860
English,2861
Marathi,2862
Spanish,2863
Italian,2864
Spanish,2865
Hindi,2866
English,2867
English,2868
English,2869
English,2870
Hindi,2870
English,2871
German,2871
English,2872
Spanish,2873
German,2874
English,2874
English,2875
English,2876
English,2877
Malayalam,2878
Cantonese,2879
English,2879
Filipino,2879
Afrikaans,2879
Spanish,2880
French,2881
Punjabi,2882
Spanish,2883
Portuguese,2883
Hindi,2884
English,2885
Hindi,2886
English,2887
Tamil,2888
Telugu,2888
Hindi,2888
German,2889
English,2889
Danish,2889
Italian,2889
French,2889
Wolof,2889
Punjabi,2890
Spanish,2892
English,2893
Yoruba,2894
English,2894
Ibo,2894
Hausa,2894
English,2895
Arabic,2896
Bengali,2897
English,2898
English,2899
Spanish,2900
Spanish,2901
Spanish,2903
English,2904
Spanish,2905
English,2906
Hindi,2907
English,2908
Kannada,2909
Hindi,2910
English,2911
Spanish,2911
Arabic,2911
English,2912
Tamil,2913
Telugu,2913
Hindi,2913
English,2914
Hindi,2915
English,2917
Hindi,2917
Hindi,2918
English,2918
Tamil,2919
English,2920
Portuguese,2921
German,2922
Tamil,2923
Korean,2924
English,2925
English,2926
Spanish,2926
Portuguese,2926
English,2927
Arabic,2928
English,2929
Yoruba,2929
English,2930
English,2931
English,2932
English,2933
English,2934
Russian,2934
English,2935
Turkish,2936
Spanish,2937
Indonesian,2938
Hindi,2940
Arabic,2941
Hindi,2942
Urdu,2942
English,2942
Hindi,2943
Urdu,2943
Spanish,2944
English,2945
Indonesian,2947
Tamil,2948
Arabic,2949
English,2949
English,2950
Bengali,2951
Hindi,2952
Spanish,2953
Hindi,2954
Spanish,2955
English,2956
Arabic,2957
Hindi,2958
Cantonese,2960
English,2961
Tamil,2962
English,2964
Arabic,2965
English,2966
Spanish,2967
English,2968
English,2969
Hindi,2970
English,2970
Thai,2971
Hindi,2972
Georgian,2974
English,2975
English,2976
English,2977
English,2978
Punjabi,2979
English,2980
Italian,2980
Arabic,2980
Cantonese,2981
English,2982
English,2983
English,2984
Afrikaans,2984
Hindi,2985
French,2986
Hindi,2987
English,2988
Yoruba,2990
Ibo,2990
English,2990
Punjabi,2991
Hindi,2992
English,2992
Marathi,2992
Gujarati,2992
English,2993
English,2994
Italian,2994
French,2994
English,2995
English,2996
Hindi,2997
English,2997
English,2998
Malayalam,2999
Dutch,3000
English,3002
English,3003
Arabic,3004
English,3005
English,3006
English,3007
Hindi,3007
Hindi,3008
English,3009
English,3010
English,3011
Marathi,3012
Malay,3013
Italian,3014
English,3015
English,3016
Spanish,3017
Hindi,3019
English,3020
Malayalam,3022
Turkish,3023
Georgian,3023
Arabic,3024
Thai,3025
English,3026
Bengali,3026
Cantonese,3027
Mandarin,3027
English,3027
English,3028
Malayalam,3030
English,3031
Hindi,3033
Punjabi,3034
English,3035
English,3036
Hindi,3037
Marathi,3038
Mandarin,3039
Hindi,3040
English,3041
English,3042
French,3043
Indonesian,3044
English,3045
Punjabi,3047
Hindi,3048
English,3048
Bengali,3048
Tamil,3048
English,3049
Marathi,3050
English,3051
Spanish,3052
English,3052
English,3053
Hindi,3054
Hindi,3055
Telugu,3057
Hindi,3058
German,3059
Hindi,3060
English,3061
Bengali,3062
German,3063
Hindi,3064
English,3065
Cantonese,3067
Mandarin,3067
Korean,3067
Tamil,3068
English,3069
Thai,3070
English,3071
Filipino,3072
Tagalog,3072
Hindi,3073
Spanish,3074
English,3075
English,3076
Indonesian,3077
Marathi,3078
Cantonese,3079
Cantonese,3080
Hindi,3081
Georgian,3083
Russian,3083
English,3084
Spanish,3085
English,3086
English,3087
French,3088
English,3089
English,3090
Hindi,3090
Bengali,3090
Assamese,3090
Manipuri,3090
Cantonese,3092
Mandarin,3092
English,3092
English,3093
Spanish,3094
Akan,3095
Telugu,3096
Spanish,3098
English,3098
English,3099
Hindi,3100
English,3102
English,3103
Punjabi,3104
English,3105
English,3106
Spanish,3107
Thai,3108
Hindi,3109
French,3111
English,3112
American Sign Language,3112
English,3113
Arabic,3114
English,3115
English,3116
French,3116
English,3117
Cantonese,3118
English,3119
Italian,3119
English,3121
Thai,3122
Spanish,3123
English,3124
English,3125
Punjabi,3126
English,3128
Arabic,3129
English,3130
Spanish,3131
Bengali,3133
English,3134
Spanish,3135
Malayalam,3136
Spanish,3138
English,3139
English,3140
Russian,3140
Spanish,3141
Spanish,3142
English,3143
Cantonese,3144
Mandarin,3144
English,3145
English,3146
English,3147
English,3148
Marathi,3150
Punjabi,3151
English,3152
Spanish,3153
Indonesian,3154
German,3156
English,3156
French,3156
English,3157
Afrikaans,3158
English,3159
German,3159
Hindi,3160
English,3161
Bengali,3162
Hindi,3163
Marathi,3163
English,3163
English,3164
English,3165
Spanish,3166
English,3167
Cantonese,3168
English,3169
English,3170
Spanish,3171
English,3172
Mandarin,3172
French,3172
German,3172
Spanish,3172
English,3173
Italian,3174
Mandarin,3175
Malayalam,3176
English,3177
Spanish,3177
Japanese,3178
Hindi,3179
English,3180
French,3180
Thai,3181
English,3182
Malayalam,3183
Malayalam,3184
English,3187
Spanish,3188
English,3189
Malayalam,3191
Malayalam,3192
Mandarin,3193
Min Nan,3193
Spanish,3194
English,3196
English,3197
Arabic,3198
English,3199
Portuguese,3200
Tamil,3201
Mandarin,3201
English,3201
Hindi,3203
English,3204
Malayalam,3205
Hindi,3206
Spanish,3207
English,3208
English,3210
English,3211
English,3212
Yoruba,3212
Spanish,3213
Catalan,3213
English,3213
English,3214
Yoruba,3214
English,3215
English,3216
Spanish,3216
English,3218
Hindi,3219
Malay,3221
Bengali,3222
Cantonese,3224
Mandarin,3224
Punjabi,3225
English,3226
Hindi,3227
Arabic,3228
Hindi,3229
Hindi,3230
English,3231
Hindi,3231
Portuguese,3232
English,3232
Spanish,3232
Malayalam,3235
Punjabi,3236
Spanish,3237
English,3238
Marathi,3239
English,3240
Malayalam,3241
English,3242
Chinese,3242
Teochew,3242
Sinhalese,3242
Mandarin,3243
Cantonese,3243
Spanish,3244
Hindi,3245
Tamil,3246
Telugu,3246
English,3247
Japanese,3248
Cantonese,3249
English,3250
Telugu,3251
Arabic,3252
English,3252
Spanish,3253
English,3253
Hindi,3254
English,3255
Punjabi,3256
Sanskrit,3257
Bengali,3258
English,3259
English,3260
Arabic,3261
English,3262
Spanish,3262
English,3264
Hindi,3264
Hindi,3265
Spanish,3266
Marathi,3267
English,3268
English,3270
English,3271
English,3272
Japanese,3272
English,3273
Italian,3274
Punjabi,3275
Malayalam,3276
English,3277
English,3278
English,3280
Spanish,3281
Marathi,3282
Spanish,3283
Hindi,3284
English,3285
English,3286
English,3287
Hindi,3288
English,3289
English,3290
Swahili,3290
French,3290
Spanish,3290
Bosnian,3290
English,3291
Spanish,3291
English,3292
English,3293
Chinese,3293
English,3294
Hindi,3295
Tamil,3296
English,3297
Hindi,3298
English,3299
English,3300
Mandarin,3300
Malay,3300
Spanish,3301
Arabic,3302
Spanish,3303
Hindi,3304
Marathi,3304
English,3305
Hindi,3307
Hindi,3308
English,3309
Hindi,3310
Punjabi,3311
English,3312
Malayalam,3313
Malayalam,3314
English,3315
English,3316
Hausa,3316
Afrikaans,3317
Hindi,3318
English,3319
Malay,3320
Mandarin,3320
Spanish,3321
English,3323
English,3324
English,3325
Hindi,3326
Marathi,3327
English,3328
Mandarin,3329
German,3330
English,3331
Spanish,3332
Urdu,3333
Hindi,3333
English,3334
Hindi,3335
Cantonese,3336
English,3337
Malayalam,3338
Arabic,3339
English,3340
English,3341
English,3342
English,3343
English,3344
English,3345
Portuguese,3345
Hindi,3345
Mandarin,3345
German,3345
English,3346
Spanish,3347
English,3348
Punjabi,3350
Hindi,3351
Spanish,3352
English,3353
Indonesian,3354
Hindi,3355
English,3357
Marathi,3358
Malayalam,3359
Hindi,3360
Marathi,3361
Arabic,3362
Malayalam,3363
English,3364
English,3365
French,3366
Korean,3367
English,3368
Tamil,3369
Telugu,3369
English,3370
Punjabi,3371
Indonesian,3372
Korean,3373
Arabic,3374
English,3376
Yoruba,3376
English,3377
Marathi,3378
English,3379
Thai,3380
English,3381
Korean,3382
English,3382
English,3383
Arabic,3384
Hindi,3385
Portuguese,3386
Italian,3387
English,3388
Spanish,3389
Thai,3390
Arabic,3391
Marathi,3392
Arabic,3393
Cantonese,3395
Mandarin,3395
English,3396
Cantonese,3397
Hindi,3398
Punjabi,3399
English,3400
Spanish,3401
Arabic,3402
English,3403
Spanish,3404
Hindi,3406
Hindi,3407
English,3408
Hindi,3409
Sinhalese,3410
French,3411
Arabic,3413
English,3414
English,3415
Hindi,3416
English,3417
English,3418
Bengali,3419
Punjabi,3420
Spanish,3421
English,3422
Hindi,3423
Punjabi,3424
Hindi,3425
English,3426
Hindi,3428
Gujarati,3428
Tamil,3428
English,3428
Cantonese,3429
Hindi,3430
English,3430
English,3431
Spanish,3432
Malayalam,3433
Marathi,3434
Hindi,3435
Urdu,3435
Marathi,3435
English,3435
English,3436
Spanish,3437
Spanish,3438
Malayalam,3439
English,3440
Hindi,3440
Bengali,3442
English,3443
English,3444
English,3445
English,3446
Hindi,3447
Urdu,3447
English,3447
Arabic,3447
French,3448
English,3449
English,3450
Arabic,3451
English,3452
Arabic,3453
Hindi,3454
Hindi,3456
English,3456
Arabic,3456
Malayalam,3457
English,3458
Arabic,3458
Hindi,3459
Arabic,3460
Japanese,3461
English,3461
Portuguese,3462
Hindi,3463
Hindi,3464
French,3465
English,3466
English,3467
English,3468
English,3475
Arabic,3481
Chinese,3482
English,3483
Spanish,3483
English,3484
English,3488
Malayalam,3489
Hindi,3489
Tamil,3489
Telugu,3489
Kannada,3489
Arabic,3490
Korean,3491
English,3493
English,3494
Spanish,3496
French,3496
Turkish,3498
Tamil,3499
Arabic,3505
Bengali,3506
English,3507
Korean,3508
Punjabi,3509
Hindi,3509
English,3510
Assamese,3512
Arabic,3515
Punjabi,3516
Turkish,3520
Indonesian,3521
Indonesian,3523
English,3524
Spanish,3527
Portuguese,3528
Hindi,3530
Hindi,3533
English,3533
Malayalam,3535
English,3536
English,3539
English,3542
Punjabi,3543
Malayalam,3545
English,3546
Hindi,3547
English,3547
Hindi,3556
English,3556
Bengali,3559
English,3560
