Directors,ID
Christopher Nolan,1
Lana Wachowski,2
Lilly Wachowski,2
Anthony Russo,3
Joe Russo,3
Robert Zemeckis,4
Sergio Leone,5
Bob Persichetti,6
Peter Ramsey,6
Rodney Rothman,6
Roman Polanski,7
Quentin Tarantino,8
Steven Spielberg,9
Quentin Tarantino,10
Martin Scorsese,11
Rajkumar Hirani,12
Guillermo del Toro,13
Lenny Abrahamson,14
Terry Gilliam,15
Terry Jones,15
Sergio Leone,16
Steven Spielberg,17
Harold Ramis,18
Tom Hooper,19
Spike Jonze,20
Paul Thomas Anderson,21
David Fincher,22
Jean-Marc Vallée,23
Stephen Chbosky,24
Terry Jones,25
Alex Garland,26
David O. Russell,27
Neill Blomkamp,28
Martin Scorsese,29
Duncan Jones,30
Noah Baumbach,31
Nicolas Winding Refn,32
Sang-ho Yeon,33
Brad Bird,34
Nitesh Tiwari,35
Sergio Pablos,36
Carlos Martínez López,36
Steven Spielberg,37
Clint Eastwood,38
Aamir Khan,39
Amole Gupte,39
John Hughes,40
Pierre Coffin,41
Chris Renaud,41
David Mackenzie,42
Frank Miller,43
Robert Rodriguez,43
Quentin Tarantino,43
Wilson Yip,44
Steven Spielberg,45
James Marsh,46
Gabriele Muccino,47
Asif Kapadia,48
Edgar Wright,49
Paul Thomas Anderson,50
Quentin Tarantino,51
Michel Hazanavicius,52
Barry Jenkins,53
Robert Zemeckis,54
Mel Stuart,55
Lasse Hallström,56
David Fincher,57
Naoko Yamada,58
Martin Scorsese,60
Peyton Reed,61
James L. Brooks,62
Robert Zemeckis,63
Malik Bendjelloul,64
Sam Mendes,65
Susan Johnson,66
Aaron Sorkin,67
Gabriela Cowperthwaite,68
Vince Gilligan,69
Oriol Paulo,70
Tomm Moore,71
David Ayer,72
Sam Raimi,73
Richard Curtis,74
Stephen Chow,75
Abdellatif Kechiche,76
Alfonso Cuarón,77
David Zucker,78
Jeff Nichols,79
Kelly Fremon Craig,80
Ashutosh Gowariker,82
Eli Craig,83
Lana Wachowski,84
Lilly Wachowski,84
Fernando Meirelles,85
Edward Zwick,86
Sean Baker,87
Ava DuVernay,88
S.S. Rajamouli,89
Josh Lowell,90
Peter Mortimer,90
Craig Brewer,91
David Yates,92
Galder Gaztelu-Urrutia,93
Bong Joon Ho,94
John Lee Hancock,96
Bryan Fogel,97
David Gelb,98
Tim Burton,99
Mike Johnson,99
Cameron Crowe,100
Armando Iannucci,101
Martin Campbell,102
Mark Herman,103
Phil Johnston,105
Rich Moore,105
Benny Safdie,106
Josh Safdie,106
Wilson Yip,107
Mark Osborne,108
James Ponsoldt,109
S.S. Rajamouli,110
David Slade,111
Rajkumar Hirani,112
Sam Hargrave,113
Yorgos Lanthimos,114
Derek Cianfrance,115
Zoya Akhtar,116
Jeremy Saulnier,117
Jennifer Yuh Nelson,118
Ethan Coen,119
Joel Coen,119
Matt Reeves,120
Chang-dong Lee,121
Steven Spielberg,122
Byron Howard,123
Chris Williams,123
Hideaki Anno,124
Kazuya Tsurumaki,124
Kevin Smith,125
Ron Clements,126
John Musker,126
Nattawut Poonpiriya,127
Robin Hardy,128
Tom Ford,129
Ted Demme,130
Noah Baumbach,131
Claude Barras,132
Chris Smith,133
Anurag Basu,134
Noah Baumbach,135
Sydney Pollack,136
Ron Howard,137
Danny Boyle,138
Ron Underwood,139
Kirk DeMicco,140
Chris Sanders,140
Steven Knight,141
Jay Karas,142
David Mackenzie,143
Dee Rees,144
Jay Roach,145
Jeremy Saulnier,146
Roland Emmerich,147
Alejandro G. Iñárritu,148
Ruben Östlund,149
Mike Flanagan,150
Gavin O'Connor,151
Ashutosh Gowariker,152
Tomas Alfredson,153
Robert Eggers,154
Vishal Bhardwaj,155
R. Balki,156
Mike Flanagan,157
Shekhar Kapur,158
Lana Wilson,159
Marc Forster,160
Jérémy Clapin,161
Grant Sputore,162
Hayao Miyazaki,163
André Øvredal,164
Orlando von Einsiedel,165
Richard LaGravenese,166
Paul Thomas Anderson,167
Ethan Coen,168
Joel Coen,168
David Michôd,169
Nora Twomey,170
Chiwetel Ejiofor,171
Anubhav Sinha,172
Yorgos Lanthimos,173
John Hillcoat,174
Karan Johar,175
Tim Burton,176
Zach Lipovsky,177
Adam B. Stein,177
Jon Olb,178
Madeleine Parry,178
Martin Campbell,179
Barry Levinson,180
Kurt Wimmer,181
Sarah Smith,182
Barry Cook,182
Francis Ford Coppola,183
Evgeny Afineevsky,184
Nahnatchka Khan,185
Neil Jordan,186
Steven Spielberg,187
Ric Roman Waugh,188
Karyn Kusama,189
J.C. Chandor,190
Adam McKay,191
Shakun Batra,192
Ildikó Enyedi,193
Rob Burnett,194
James Wan,195
Mike Binder,196
Michael Bay,197
Martin Campbell,198
Tom Hooper,199
Colm McCarthy,200
Susanne Bier,201
Gore Verbinski,202
Scott Cooper,203
Nagraj Manjule,204
Jay Roach,205
Daniel Lindsay,206
T.J. Martin,206
Mike Mills,207
Nikkhil Advani,208
Dan Kwan,209
Daniel Scheinert,209
Sunao Katabuchi,210
David Lowery,211
Paul Greengrass,212
Phillip Noyce,213
Chris Renaud,214
Jonathan del Val,214
Andy Tennant,215
Denis Villeneuve,217
Oriol Paulo,218
Sebastian Jones,219
Ramez Silyan,219
Steven Spielberg,220
Mike Newell,221
Macon Blair,222
Justin Benson,223
Aaron Moorhead,223
Nora Ephron,224
Louie Psihoyos,225
Babak Anvari,226
Ric Roman Waugh,227
Joachim Rønning,228
Espen Sandberg,228
Rob Marshall,229
Paul Katis,230
David Sington,231
Timo Tjahjanto,232
Jean-François Richet,233
Amar Kaushik,234
Steven Bognar,235
Julia Reichert,235
Jeff Chan,236
Phillip Noyce,237
Lasse Hallström,238
Gastón Duprat,239
Mariano Cohn,239
Hiroshi Aoyama,240
Kazumi Fukushima,240
Jim Stenstrum,240
Jeff Orlowski,241
James Ponsoldt,242
Charlie McDowell,243
Len Wiseman,244
Cristi Puiu,245
Eric Darnell,246
Tom McGrath,246
Antonin Baudry,247
Tommy Wirkola,248
Kris Pearn,249
Cory Evans,249
Rob Lodermeier,249
Orlando von Einsiedel,250
Lana Wachowski,252
Lilly Wachowski,252
Jeff Margolis,253
Jay Roach,254
Nicholas Stoller,255
John Maclean,256
Noah Baumbach,257
Chapman Way,258
Maclain Way,258
Richard Shepard,259
Wilson Yip,260
Scott Derrickson,261
Sam Dunn,262
Scot McFadyen,262
Morgan Neville,263
Kyle Patrick Alvarez,264
Simon Curtis,265
Henry Joost,266
Ariel Schulman,266
Advait Chandan,267
Tamara Jenkins,268
Sam Mendes,269
Peyton Reed,270
Adam Nimoy,271
Michael Dowse,272
Tom Shadyac,273
Jacob Kornbluth,274
Antoine Fuqua,275
Stan Lathan,276
Alex Timbers,277
Luis Valdez,278
Michael Mann,279
Mat Whitecross,280
Petra Costa,281
Robert Zemeckis,282
Jonathan Glazer,283
James Lebrecht,284
Nicole Newnham,284
Ed Perkins,285
Raymie Muzquiz,286
Stu Livingston,286
Kevin Smith,287
Frank Oz,288
John Irvin,289
Shane Acker,290
Daniel Lindsay,291
T.J. Martin,291
Jon Greenhalgh,292
Will Becher,293
Richard Phelan,293
Christian Desmares,294
Franck Ekinci,294
John Lee Hancock,295
Brian Helgeland,296
Alê Abreu,297
Patrick Brice,298
Jonathan Mostow,299
Jason Todd Ipson,300
Mani Ratnam,301
Louis C.K.,302
Álvaro Brechner,303
Alice Rohrwacher,304
Liz Garbus,305
Alex Lehmann,306
Zak Hilditch,307
Peter Berg,308
Rachel Mason,309
Ethan Coen,310
Joel Coen,310
Leslie Iwerks,311
Lars Klevberg,312
Thom Zimny,313
Thurop Van Orman,314
John Rice,314
Gillian Robespierre,315
Prasanth Varma,316
Andrea Arnold,317
Richard da Costa,318
Alex Parkinson,318
Abhishek Chaubey,319
Christian Gudegast,320
Haifaa Al-Mansour,321
Mark Waters,322
Clay Kaytis,323
David Soren,324
Howard Zieff,325
Paul Greengrass,326
Steven Brill,327
Nicholaus Goossen,327
Atom Egoyan,328
J.C. Chandor,329
Alexandra Dean,330
Alex Lehmann,331
Michael Bay,332
Larry David,333
Ted Braun,334
Abhinay Deo,335
Akshat Verma,335
Constance Marks,336
Philip Shane,336
Morgan Matthews,337
Trey Edward Shults,338
Jon Alpert,339
Patrick Brice,340
Evan Goldberg,341
Seth Rogen,341
Gabriel Clarke,342
Torquil Jones,342
Wolfgang Petersen,343
Craig Brewer,344
David Ayer,345
Ben Howling,346
Yolanda Ramke,346
Icíar Bollaín,347
Bernard Rose,348
Hiromasa Yonebayashi,349
Giles New,349
Matt Palmer,350
Angelina Jolie,351
Rene Liu,352
Lou Adler,353
Tommy Chong,353
James Wong,354
Michael Cuesta,355
Tiller Russell,356
Bert Marcus,357
David Mackenzie,358
Robert Luketic,359
Neil Armfield,360
Trey Edward Shults,361
Noah Baumbach,362
Jake Paltrow,362
Chih-Yen Hsu,363
Mag Hsu,363
Roger Spottiswoode,364
Elizabeth Banks,365
Steven Brill,365
Steve Carr,365
Rusty Cundieff,365
James Duffy,365
Griffin Dunne,365
Peter Farrelly,365
Patrik Forsberg,365
Will Graham,365
James Gunn,365
Brett Ratner,365
Jonathan van Tulleken,365
Bob Odenkirk,365
Ofir Raul Graizer,366
Eugenio Derbez,367
Ben Younger,368
Lukas Dhont,369
David Zucker,370
Ashwiny Iyer Tiwari,371
Shonali Bose,372
Ken Hughes,373
Neeraj Pandey,374
Ashutosh Gowariker,375
John Butler,376
Christian Ditter,377
Jacques Perrin,378
Jacques Cluzaud,378
David Bruckner,379
Kevin Phillips,380
Sian Heder,381
Chris Kelly,382
Nick Cassavetes,383
Nic Mathieu,384
McG,385
Joe Berlinger,386
Jerrold Tarog,387
Frank Coraci,388
Saul Dibb,389
Mark Craig,390
Nate Adams,391
Adam Carolla,391
Alexandre Heboyan,392
Benoît Philippon,392
Stephanie Soechtig,393
Jeremy Seifert,393
Ron Howard,394
Estevan Oriol,395
Juan Pablo Rebella,396
Pablo Stoll,396
Wayne Blair,397
Newt Arnold,398
Steve Loter,399
Dylan Bank,400
Daniel DiMauro,400
Morgan Pehme,400
Craig Johnson,401
Jim Field Smith,402
Gilles Paquet-Brenner,403
Nana Ekvtimishvili,404
Simon Groß,404
Andrew Dominik,405
Abhay Chopra,406
Michael Bay,407
Matthew Shoychet,408
Andrew Slater,409
Jeremy Saulnier,410
Sarah Gavron,411
Richie Smyth,412
McG,413
Genndy Tartakovsky,414
Tony Zierra,415
Ritesh Batra,416
Eddie Mensore,417
Asghar Farhadi,418
Brett Harvey,420
Peggy Holmes,421
Michael Apted,422
Saul Dibb,423
Rayka Zehtabchi,424
Barry W. Blaustein,425
Kevin R. Adams,426
Joe Ksander,426
Ricardo Curtis,426
Daniel Goldhaber,427
Houda Benyamina,428
Sandi Tan,429
Len Wiseman,430
Farah Khan,431
Jerry Rothwell,432
John Cromwell,433
Milind Dhaimade,434
Gauri Shinde,435
Prentice Penny,436
Russell Crowe,437
Chris Moukarbel,438
Jay Roach,439
Jason Krawczyk,440
Kevin Macdonald,441
Jeffrey Walker,442
Paul W.S. Anderson,443
Anna Boden,444
Ryan Fleck,444
Morgan Neville,445
Abhishek Kapoor,446
Sujoy Ghosh,447
Jason Reitman,448
Sam Dunn,449
Wes Craven,450
Jeff Tremaine,451
Stephen Chiodo,452
David Leveaux,453
Peter Berg,454
Jeremy Rush,455
Noah Baumbach,456
Lee Tamahori,457
Kar-Wai Wong,458
Dava Whisenant,459
Darnell Martin,460
Jeffrey Schwarz,461
Felix Thompson,462
Floria Sigismondi,463
Roland Emmerich,464
Alice Wu,465
Alan Yang,466
Leslye Headland,467
Robert Zemeckis,468
Brad Anderson,469
Woo-Ping Yuen,470
Pablo Larraín,471
Lone Scherfig,472
Roger Kumble,473
Daniel Raim,475
Ron Howard,476
Tanuja Chandra,477
Cary Joji Fukunaga,478
Mark Dennis,479
Ben Foster,479
David R. Ellis,480
Marcus Raboy,481
Jeffrey Walker,482
Randal Kleiser,483
Brett Haley,484
Andrey Zvyagintsev,485
Patrick Tatopoulos,486
Reema Kagti,487
Leslie Small,488
Tim Story,488
Phil Joanou,489
Akiva Schaffer,490
Simon J. Smith,491
Steve Hickner,491
Stephen Daldry,492
Christian Duurvoort,492
Mar Targarona,493
Ken Kwapis,494
Lee Fulkerson,495
Barry Levinson,496
Rajkumar Hirani,497
Hiroyuki Seshita,498
Rob Cohen,500
Chris Baugh,501
Jeremiah Zagar,502
Sean McNamara,503
Joe Murray,504
Cosmo Segurson,504
Steven Soderbergh,505
Aniruddha Roy Chowdhury,506
Rob Minkoff,507
Zachary Heinzerling,508
Romain Gavras,509
Cate Shortland,510
David Ayer,511
Ken Kwapis,512
Adam Leon,513
Abhishek Sharma,514
Thomas Vinterberg,515
Mimi Leder,516
Sara Colangelo,517
Brad Anderson,518
Frant Gwo,520
Erik Canuel,521
Bob Odenkirk,522
John Curran,523
Stanley Nelson,524
David Fairhead,525
Afia Nathaniel,526
John Milius,527
Sanjay Gupta,528
John Wells,529
Mark Christopher,530
Jon Gunn,531
Lynn Shelton,532
Andy Serkis,533
Paul Urkijo Alijo,534
John A. Davis,535
Oliver Stone,536
Nila Madhab Panda,537
Anusha Rizvi,538
Mahmood Farooqui,538
John Dower,539
Paul W.S. Anderson,541
Daniel J. Clark,542
Nicolas Cage,543
David Pastor,544
Àlex Pastor,544
Kristina Goolsby,545
Ashley York,545
Bobcat Goldthwait,546
Nicholas Zeig-Owens,547
Karthik Subbaraj,548
Tommy Avallone,549
Harry Elfont,550
Deborah Kaplan,550
Bob Nelson,551
Hugh Wilson,552
Florian Gallenberger,553
Ben Wheatley,554
Greg Berlanti,555
Michael Fimognari,556
Jon Watts,557
James Bridges,558
Jeff Pollack,559
Billy Corben,560
Barry Avrich,561
Larry Peerce,562
Russell Mulcahy,563
Michael Cuesta,564
Rakeysh Omprakash Mehra,565
Roger Allers,566
Jill Culton,566
Anthony Stacchi,566
Yance Ford,567
Alexander Witt,568
Alberto Rodríguez,569
Kevin Macdonald,570
James Mangold,571
Jeremy Coon,572
Tim Skousen,572
Peter Hutchings,573
Sion Sono,574
Kasper Collin,575
Richard Benjamin,576
Ariel Vromen,577
Steve Antin,578
Gastón Duprat,579
Bruce Beresford,580
Kyle Newacheck,581
Bonni Cohen,582
Jon Shenk,582
Keiichi Hara,583
Stephanie Sheh,583
Michael Sinterniklaas,583
Anne Fletcher,584
Ricky Gervais,585
Matthew Robinson,585
Simon Baker,586
Mark Raso,587
Dante Lam,588
Jeremy Saulnier,589
Barak Goodman,590
Jamila Ephron,590
Lynn Shelton,591
Francesco Cinquemani,592
George Gallo,592
Kip Andersen,593
Keegan Kuhn,593
Bruce Gowers,594
Esteban Sapir,595
Zackary Canepari,596
Drea Cooper,596
Robert Altman,597
Mike Flanagan,598
Mijke de Jong,599
Jennifer Peedom,600
Nicholas Hytner,601
Paco Cabezas,602
Imtiaz Ali,603
Ole Bornedal,604
Dustin Hoffman,605
Farhan Akhtar,606
Eva Orner,607
Charles Martin Smith,608
Raj Kumar Gupta,609
Benjamin Turner,610
Gabe Turner,610
Ivan Reitman,611
Erik Matti,612
Jennifer Phang,613
Phyllida Lloyd,614
Julius Avery,615
Stig Bergqvist,616
Paul Demeyer,616
Alessio Cremonini,617
J.D. Dillard,618
Rahul Dholakia,619
David Michôd,620
Tigmanshu Dhulia,621
Orson Welles,622
Makoto Shinkai,623
Peter Spirer,624
John Ridley,625
Nandita Das,626
Nagesh Kukunoor,627
Alex Smith,628
Andrew J. Smith,628
Will Allen,629
Jenny Gage,630
Clint Eastwood,631
Haoling Li,632
Yoshitaka Takeuch,632
Xiaoxing Yi,632
Haifaa Al-Mansour,633
James Wong,634
Beeban Kidron,635
Shekhar Kapur,636
Hikari,637
David Wain,638
Michel Gondry,639
Lasse Hallström,640
Elaine McMillion Sheldon,641
Sanjay Leela Bhansali,642
Malik Vitthal,643
Scott Aukerman,644
Daniel Stamm,645
Gary Fleder,646
Drake Doremus,647
Noël Wells,648
Jonathan Demme,649
Jonathan Liebesman,650
Greg Campbell,651
Ari Sandel,652
Lyric R. Cabral,653
David Felix Sutcliffe,653
Karan Johar,654
Mike Clattenburg,655
Ömer Faruk Sorak,656
Jean-Loup Felicioli,657
Alain Gagnol,657
Matthew Cooke,658
Wally Pfister,659
Anurag Basu,660
Chris Nelson,661
Bille August,662
Sujoy Ghosh,663
Rajkumar Santoshi,664
Luke Snellin,665
Steve Carr,666
Jeff Baena,667
Milind Rau,668
Errol Morris,669
Roger Allers,670
Gaëtan Brizzi,670
Paul Brizzi,670
Joan C. Gratz,670
Mohammed Saeed Harib,670
Tomm Moore,670
Nina Paley,670
Bill Plympton,670
Joann Sfar,670
Michal Socha,670
Mike Rohl,671
Oz Perkins,672
Bert Marcus,673
Cyrus Saidi,673
Karen Moncrieff,674
Patricia Rozema,675
Jedd Wider,676
Todd Wider,676
Rob Minkoff,677
Paul Dugdale,678
Elite Zexer,679
Pierre Morel,680
Zoya Akhtar,681
Mary Mazzio,682
John Lee,683
Gus Van Sant,684
Susan Johnson,685
Roberta Grossman,686
Sophie Sartain,686
Ivan Sen,687
William Eubank,688
Gideon Raff,689
Tarsem Singh,690
Blitz Bazawule,691
Jeff Baena,692
Walter Hill,693
Griffin Dunne,694
Aaron Hann,695
Mario Miscione,695
Bo Burnham,696
Bryan Bertino,697
Greg Barker,698
Ryan Polito,700
Jake Szymanski,700
Jim Mickle,701
Tarsem Singh,702
Vinil Mathew,703
Vikramaditya Motwane,704
Antoine Fuqua,705
Robin Swicord,706
Zach Braff,707
Masaaki Yuasa,708
Keanu Reeves,709
Christian Charles,710
Cyril Frankel,711
Pascal Laugier,712
Louis C.K.,713
Peter Middleton,714
James Spinney,714
Vince Marcello,715
Alexandre Aja,716
Michael Thelin,717
Lonny Price,718
Doug Liman,719
Olivia Newman,720
Fab 5 Freddy,721
Josh Greenbaum,722
Ramón Salazar,723
Jamie Linden,724
Mark Dindal,725
Jesse Dylan,726
Lance Bangs,729
Leslie Small,730
Tim Story,730
Dean Parisot,731
Benson Lee,732
Karen Moncrieff,733
Dimitri Logothetis,734
Abby Epstein,735
Sebastián Hofmann,736
Oliver Parker,737
Dylan Mohan Gray,738
Zoya Akhtar,739
Toa Fraser,740
Chad Hartigan,741
Joe Piscatella,742
Imtiaz Ali,743
Jamie M. Dagg,744
Atom Egoyan,745
J. Davis,746
Brandon Camp,747
Nancy Schwartzman,748
Eva Vives,749
David Mirkin,750
David Sington,751
Heather Walsh,751
Leslie Small,752
Tim Story,752
Scott Aukerman,753
Akiva Schaffer,753
Joe Robert Cole,754
Tony Elliott,755
Bruce Malmuth,756
Gary Nelson,756
Carlos Vermut,757
Andrzej Bartkowiak,758
Ho-Cheung Pang,759
Johannes Roberts,760
Vikramaditya Motwane,761
Mahmoud Sabbagh,762
Mark Steven Johnson,763
Chris Smith,764
Mark O'Connor,765
Dibakar Banerjee,766
Ian Samuels,767
Michael Carney,768
Don Mancini,769
S.S. Wilson,770
Timo Tjahjanto,771
Hae Young Jung,772
Young Kyun Park,772
Jhonen Vasquez,772
Aleksey German Jr.,773
Lana Wachowski,774
Lilly Wachowski,774
David Pastor,775
Àlex Pastor,775
Banjong Pisanthanakun,776
Parkpoom Wongpoom,776
Katy Chevigny,777
Ross Kauffman,777
Eric Stoltz,778
Fritz Böhm,779
Dan Gilroy,780
Joe Swanberg,781
Storm Saulter,782
Fernando González Molina,783
Jared Hess,784
John Scheinfeld,785
Emmanuel Mouret,786
Tinto Brass,787
Madeleine Sami,788
Jackie van Beek,788
Jay Roach,789
Seth Barrish,790
Spike Lee,791
Monika Mitchell,792
Greg Whiteley,793
Damien Leone,794
Paul W.S. Anderson,795
Gavin Fitzgerald,796
Shashanka Ghosh,797
Todd Holland,798
Jared Moshe,799
Farah Khan,800
Jennifer M. Kroot,801
Peter Chelsom,802
Philipp Stölzl,803
Vijay Lalwani,804
Sally Potter,805
Elizabeth Wood,806
Simon Wells,807
David Wnendt,808
Joel Gallen,809
Tig Notaro,809
Karan Johar,810
Min-ho Woo,811
Jennifer Baichwal,812
Nicholas de Pencier,812
David Cronenberg,813
So Yong Kim,814
Joe Dante,815
Eric Goldberg,815
Beyoncé,816
Ed Burke,816
Alex Zamm,817
Luke Sparke,818
Lynn Shelton,819
Michèle Ohayon,820
J.J. Englert,821
Robert Krantz,821
Sofia Coppola,822
Tetsuo Yajima,823
Israel Adrián Caetano,824
Florian Henckel von Donnersmarck,825
Cory Barlog,826
Joshua Z Weinstein,827
Jenna Laurenzo,828
Sonia Kennebeck,829
Nora Fingscheidt,830
Chia-Liang Liu,831
Dennie Gordon,832
Ben Shelton,833
Davis Guggenheim,834
Ribhu Dasgupta,835
Andy Fickman,836
Erik Nelson,837
Hrishikesh Mukherjee,838
Nicole Holofcener,839
John Fortenberry,840
Hideaki Anno,841
Masayuki,841
Kazuya Tsurumaki,841
Álex de la Iglesia,842
Paul Andrew Williams,843
Charlie McDowell,844
Steven Soderbergh,845
Hrishikesh Mukherjee,846
Justin McConnell,847
David Guy Levy,848
Yilmaz Erdogan,849
Yilmaz Erdogan,850
Ömer Faruk Sorak,850
Christopher Storer,851
Benedict Andrews,852
Aaron Lieber,853
Vincent Perez,854
Kiran Rao,855
Gerard McMurray,856
Karim Amer,857
Jehane Noujaim,857
Max Joseph,858
Rhys Thomas,860
Igor Kovalyov,861
Norton Virgien,861
Jay Karas,862
David Alvarado,863
Jason Sussberg,863
David Palmer,864
Dax Shepard,864
Sandeep Reddy Vanga,865
Ian Cheney,866
Nathan Morlando,867
Jay Karas,868
Christina Clusiau,869
Shaul Schwarz,869
Greg MacGillivray,870
Shree Narayan Singh,871
Wim Wenders,872
Trent Haaga,873
Ana Kokkinos,874
Toshiyuki Kubooka,875
Bilal Lashari,876
Daniel Lee,877
Maria Ripoll,878
Jesse V. Johnson,879
Dave Green,880
Sarah Adina Smith,881
Shrihari Sathe,882
Michael Lehmann,883
Paul Dugdale,884
Lance Bangs,885
Kyoko Miyake,886
Priyadarshan,887
Anurag Kashyap,888
Rhys Thomas,889
Roland Joffé,891
Liam O'Donnell,892
James McTeigue,893
John Erick Dowdle,894
Julius Onah,896
Peter Landesman,897
Abe Forsythe,898
Mani Ratnam,899
Toshiyuki Kubooka,900
Jon Amiel,901
Abhishek Varman,902
Bruce Robinson,903
Anthony Wonke,904
Marja-Lewis Ryan,905
Michael Tolajian,906
Rachel Lears,907
Shaad Ali,908
Neil Triffett,909
Skye Borgman,910
Billy Ray,911
Alain Desrochers,912
Alfonso Cuarón,913
Dharmendra Suresh Desai,914
Jesse V. Johnson,915
Tinge Krishnan,916
Sung-hoon Kim,917
Gabe Ibáñez,918
Alan Rickman,919
Troy Nixey,920
Amol Palekar,921
Mike Diva,922
Akiva Schaffer,922
Jennifer Kaytin Robinson,923
Terry Hughes,924
Ian MacNaughton,924
Mitzi Vanessa Arreola,925
Amir Galván Cervera,925
Rod Blackhurst,926
Brian McGinn,926
David Lee Miller,927
Andrew Niccol,928
Gerard Barrett,929
Shanker Raman,930
Jon Lucas,931
Scott Moore,931
Keenen Ivory Wayans,932
Tom Dey,933
Claire Scanlon,934
Doron Paz,935
Yoav Paz,935
Ricky Gervais,936
Alejandro Doria,937
Mati Diop,938
Liz Garbus,939
Woody Harrelson,940
James Mangold,941
Bill Oliver,942
Rohit Shetty,943
Toshiyuki Kubooka,944
Marti Noxon,945
Pa. Ranjith,946
Robert Altman,947
Mahesh Manjrekar,948
Christopher Smith,949
Lauren Miller Rogen,950
David Michôd,951
Sydney Freeland,952
Rod Blackhurst,953
Roger Kumble,954
Andy Tennant,955
Johanna Demetrakas,956
Kevin Rodney Sullivan,957
Ayan Mukherjee,958
Brian Knappenberger,959
Shannon Hartman,960
Maya Forbes,961
Andrew Lau,962
Alan Mak,962
Ralph Rieckermann,962
Jared Stern,964
Francesco Lettieri,965
Garry Marshall,966
George Stevens,967
Prosit Roy,968
Baran bo Odar,969
Ken Marino,970
Christopher Smith,971
Louis C.K.,972
Mark Waters,973
Chris Bolan,974
John Michael McDonagh,975
Farhan Akhtar,976
Clark Johnson,977
Drake Doremus,978
Gillian Armstrong,979
Abbas Tyrewala,980
Kirby Dick,981
Alex Infascelli,982
Jill Bauer,983
Ronna Gradus,983
Abhishek Kapoor,984
Karan Malhotra,985
Anthony Caronna,986
Alexander Smith,986
Linda Saffire,987
Adam Schlesinger,987
Farhan Akhtar,988
Chris Perkel,989
Martin Scorsese,990
Ari Sandel,991
Todor Chapkanov,992
Greg MacGillivray,993
Fernando Coimbra,994
Mae Czarina Cruz,995
Vincenzo Natali,996
Leslie Small,997
Errol Morris,998
Elliot Hegarty,999
Alik Sakharov,1000
Michelangelo Antonioni,1001
Wim Wenders,1001
April Mullen,1002
Heidi Ewing,1003
Rachel Grady,1003
Natalie Portman,1004
Gareth Edwards,1005
Fred Schepisi,1006
Brian De Palma,1007
Andrew Bujalski,1008
Tim Hill,1009
Kiké Maíllo,1010
Ricki Stern,1011
Anne Sundberg,1011
Ömer Faruk Sorak,1012
Mimi Leder,1013
Luis Alfaro,1014
Pablo Lejarreta,1014
Jay Chapman,1015
David R. Ellis,1016
Noriyuki Abe,1017
Bo Burnham,1018
Christopher Storer,1018
Tyler Perry,1019
Bobby Farrelly,1020
Peter Farrelly,1020
Jonathan Sobol,1021
Yilmaz Erdogan,1022
Ernie Barbarash,1023
Oliver Daly,1024
Hatem Khraiche,1025
Barry Sonnenfeld,1026
Jake Szymanski,1027
V. Scott Balcerek,1028
Yasushi Kawamura,1029
Kei'ichi Sato,1029
Hark Tsui,1030
Federico D'Alessandro,1031
Lena Khan,1032
Kathleen Hepburn,1033
Elle-Máijá Tailfeathers,1033
Gillian Robespierre,1034
Kevin Smith,1035
David Cronenberg,1036
Eli Craig,1037
Jay Karas,1038
Rami Hachache,1038
Steven R. Monroe,1039
Dash Shaw,1040
Kunihiko Yuyama,1041
Kip Andersen,1042
Keegan Kuhn,1042
Bo Burnham,1043
Christopher Storer,1043
Daniel Gray Longino,1044
Fabio Guaglione,1045
Fabio Resinaro,1045
Brent Maddock,1046
Jay Karas,1047
Harold Cronk,1048
Michael Drumm,1049
Johnnie To,1050
Aanand L. Rai,1051
Brian Smrz,1052
Tristan Ferland Milewski,1053
Mark Williams,1054
Werner Herzog,1056
Lasse Hallström,1057
Joe Johnston,1057
Matthew Ross,1058
Stephan Rick,1059
Kyle Rideout,1060
Zoya Akhtar,1061
Dibakar Banerjee,1061
Karan Johar,1061
Anurag Kashyap,1061
Sofia Coppola,1062
Cathy Garcia-Molina,1063
Dan Bush,1064
Irek Dobrowolski,1065
Demetri Martin,1066
Shelly Chopra Dhar,1067
Anthony Byrne,1068
Prabhu Deva,1069
Jay Chou,1070
Travis Stevens,1071
Sean Foley,1072
David Lynch,1073
Michael M. Scott,1074
Ashutosh Gowariker,1075
Victor Zarcoff,1076
Dan Forrer,1077
Zack Whedon,1078
Paul Weitz,1079
Perry Lang,1080
Tensai Okamura,1081
Hajime Kamegaki,1082
Cathy Garcia-Molina,1083
Hajime Kamegaki,1084
Laura Brownson,1085
Hannes Stöhr,1086
Ahsan Rahim,1087
Hakan Yonat,1088
Kundan Shah,1089
Jan Lachauer,1090
Max Lang,1090
Kevin Booth,1091
David Johndrow,1091
Hannah Fidell,1092
Ali Taner Baltaci,1093
Cem Yilmaz,1093
Alejandra Márquez Abella,1094
Habib Faisal,1096
Atom Egoyan,1097
Stephanie Laing,1098
Hirotsugu Kawasaki,1099
Eric Lavaine,1100
Gilles Paquet-Brenner,1101
Elle Callahan,1102
Johnny Kevorkian,1103
Neal Brennan,1104
Felix van Groeningen,1105
Manmohan Desai,1106
Ziga Virc,1107
Ana Lily Amirpour,1108
Banjong Pisanthanakun,1109
Trivikram Srinivas,1110
Joram Lürsen,1111
Steven Brill,1112
Lydia Tenaglia,1113
Morgan Fallon,1113
John Crowley,1114
Jason Stone,1115
Vipul Amrutlal Shah,1116
Paresh Mokashi,1117
Brett Haley,1118
Javier Ruiz Caldera,1119
Samu Fuentes,1120
Andy Tennant,1121
Ben C. Lucas,1122
Faozan Rizal,1123
Kevin Smith,1124
Stefon Bristol,1125
Heber Cannon,1126
Marston Sawyers,1126
Ian Wittenber,1126
Kief Davidson,1127
Richard Ladkani,1127
Brie Larson,1128
Isaac Florentine,1129
Jon J. Whelan,1130
Eli Roth,1131
Brian O'Malley,1133
Atsuko Ishizuka,1134
Priyadarshan,1135
Adam Alleca,1136
Jason Spingarn-Koff,1137
Michael Steiner,1138
John L. Spencer,1139
Levan Tsikurishvili,1140
Michael Mazzola,1141
Barney Clay,1142
Jim Strouse,1143
Steven Brill,1144
Mark Neveldine,1145
Will Lovelace,1146
Dylan Southern,1146
Katherine Brooks,1147
Jota Linares,1148
Fernando González Molina,1149
Darren Lynn Bousman,1150
Oliver Kienle,1151
Vicky Jewson,1152
Wilson Coneybeare,1153
Spike Jonze,1154
Anurag Singh,1156
Richard Loncraine,1157
Adam Randall,1158
Shannon Hartman,1159
Jay Baruchel,1160
Jeff Baena,1161
Pat Healy,1162
Cheh Chang,1163
Isold Uggadottir,1164
Brendan Malloy,1165
Emmett Malloy,1165
Jason Orley,1166
Justin Kelly,1167
Mae Czarina Cruz,1168
Mark Tonderai,1169
Hrishikesh Mukherjee,1170
Carly Stone,1171
Tyler Perry,1172
Jonathan Levine,1173
Masahiko Murata,1174
Kazuchika Kise,1174
Atlee Kumar,1175
Jay Karas,1176
Stephen Chbosky,1177
Duncan Jones,1178
John Stockwell,1179
Paulette Victor-Lifton,1179
Peter Howitt,1180
Matthias Hoene,1181
Michael John Warren,1182
Johnnie To,1183
Mike Clattenburg,1184
Jim Sheridan,1185
Laxman Utekar,1186
Miguel Arteta,1187
Arnab Chaudhuri,1188
Craig Leeson,1189
Nadia Hallgren,1190
Cüneyt Kaya,1191
Renny Harlin,1192
Nate Adams,1193
Adam Carolla,1193
R.J. Daniel Hanna,1194
Linda Mendoza,1195
Toshiya Shinohara,1196
Cindy Chupack,1197
Akiyuki Shinbo,1198
Nobuyuki Takeuchi,1198
David Benioff,1199
D.B. Weiss,1199
Vishal Bhardwaj,1200
Kenny Leon,1202
Manuel Martín Cuenca,1203
Steven Soderbergh,1204
Joshua Marston,1205
Imtiaz Ali,1206
Shana Feste,1207
Tyler Spindel,1208
Donald Petrie,1209
Gareth Evans,1210
Fabrice du Welz,1211
Woo-Ping Yuen,1212
Patrice Laliberté,1213
Sebastian DiNatale,1214
Chris Bould,1215
Walter Hill,1216
Ram Gopal Varma,1217
Brendon Marotta,1218
Prakash Jha,1219
Oliver Schmitz,1220
Takeru Nakajima,1221
Yoshiyuki Okada,1221
Brian De Palma,1222
Aziz Mirza,1223
Dean Wright,1224
Garry Marshall,1225
Maria Pulera,1226
Rob LaDuca,1227
Robert C. Ramirez,1227
Jesse V. Johnson,1228
Seth Barrish,1229
David Oelhoffen,1230
Joe Berlinger,1231
Desingh Periyasamy,1232
Prashant Nair,1233
Raja Gosnell,1234
Jay Chapman,1235
Michael Simon,1236
Rob Cohen,1237
Amy Poehler,1238
Burak Aksak,1239
Kyle Newman,1241
Spike Lee,1242
Marty Callner,1243
Mike Wiluan,1244
Ezekiel Norton,1245
Troy Miller,1246
Tom Tykwer,1247
Gregory Caruso,1248
Lynn Shelton,1249
Anthony Anderson,1250
Gary Binkow,1250
Walerian Borowczyk,1251
Gerardo Olivares,1252
Masahiko Murata,1253
Gaby Dellal,1254
Jennifer Siebel Newsom,1255
Kimberlee Acquaro,1255
William Wyler,1256
John Schultz,1257
Roxanne Benjamin,1258
Karyn Kusama,1258
St. Vincent,1258
Jovanka Vuckovic,1258
Joe DeMaio,1259
Mehmet Ada Öztekin,1260
Marcel Barrena,1261
Indra Kumar,1262
Oded Raz,1263
Atsushi Takeuchi,1264
Kazuchika Kise,1264
Riri Riza,1265
Vishal Bhardwaj,1266
Sachin Yardi,1267
Paul Solet,1268
Antoine Bardou-Jacquet,1269
Karey Kirkpatrick,1270
Sriram Raghavan,1271
Bruce W. Smith,1272
Mandie Fletcher,1273
Toshiyuki Tsuru,1274
Toshiya Shinohara,1275
Anthony Scott Burns,1276
Kevin Kölsch,1276
Nicholas McCarthy,1276
Adam Egypt Mortimer,1276
Gary Shore,1276
Kevin Smith,1276
Sarah Adina Smith,1276
Scott Stewart,1276
Dennis Widmyer,1276
Jay Karas,1277
Adam Bhala Lough,1278
Joe Nussbaum,1279
Robert Nixon,1280
Fisher Stevens,1280
Vikas Bahl,1281
Nitesh Tiwari,1281
Christopher Guest,1282
Jay Karas,1283
Sung-hyun Yoon,1284
Andrew Douglas,1285
Lijo Jose Pellissery,1286
Marcus Raboy,1287
Adam Dubin,1288
Dibakar Banerjee,1289
Jonathan Levine,1290
Michael Dowse,1291
Prakash Jha,1292
Hakan Algül,1294
Matt D'Avella,1295
Peter Hutchings,1296
Toshiya Shinohara,1297
Martín Hodara,1298
David Alonso,1299
Enrique Gato,1299
Fien Troch,1300
David S. Ward,1302
Raj Kumar Gupta,1304
Abhinay Deo,1305
Todd Biermann,1306
Salima Koroma,1307
Brian Smith,1308
Rudy Soedjarwo,1309
Quinn Lasher,1310
Yasuto Nishikata,1311
Noriyuki Abe,1311
Harjit Singh,1312
Chris Bould,1313
Eléonore Pourriat,1314
John Eng,1315
Norton Virgien,1315
Shannon Hartman,1316
Milan Luthria,1317
Samuel Brownfield,1318
Daniel Monzón,1319
Adam Smith,1320
William Bindley,1321
Ciarán Foy,1322
Donick Cary,1323
Elvira Lind,1324
Takashi Yamazaki,1325
Clay Glen,1326
Devashish Makhija,1327
Alex Ranarivelo,1328
Miguel Ángel Lamata,1329
Michael Tiddes,1330
Claire Scanlon,1331
David Morris,1332
Jacqui Morris,1332
Robi Michael,1333
Michael Simon,1334
Matthew McNeil,1334
J.F. Musial,1335
Josh Vietze,1335
Ron Davis,1336
Ryan Polito,1337
Rob Meyer,1338
Neal Brennan,1339
Shannon Hartman,1340
Marcus Raboy,1341
Neal Brennan,1342
Oliver Stone,1343
Haruka Fujita,1344
Taichi Ishidate,1344
Ian Edelman,1345
Anand Tiwari,1346
Guillermo de Oliveira,1347
Antoinette Jadaone,1348
Manny Rodriguez,1349
Steven Brill,1350
John Stockwell,1351
Ernie Barbarash,1352
Michael Patrick King,1353
Justin Lee,1354
Siew Hua Yeo,1355
Franck Ribière,1356
Leninbharati,1357
Meghna Gulzar,1358
Dave Stewart,1359
Jonathan Milott,1360
Cary Murnion,1360
Seth Barrish,1361
Mike Birbiglia,1361
Rohit Shetty,1362
Rodolphe Guenoden,1363
David Paul Meyer,1364
Stephen Hopkins,1365
David France,1366
Michael Blieden,1367
Alex Lehmann,1368
Robert Osman,1369
Nathanael Wiseman,1369
Andrew Jenks,1370
Cathy Garcia-Molina,1371
Madhur Bhandarkar,1372
Alex Richanbach,1373
Jimmy Henderson,1374
Kyle Newacheck,1375
Miguel Cohan,1376
Dean Craig,1377
Olivia M. Lamasan,1378
Gonzalo López-Gallego,1379
Ludovic Bernard,1380
Katherine Dieckmann,1381
Mitch Dickman,1382
Sophie Robinson,1383
Lotje Sodderland,1383
Toshiya Shinohara,1384
Anthony Giordano,1386
Bradley Parker,1387
Tim Johnson,1388
Gus Van Sant,1389
Tommy Stovall,1390
Bo Welch,1391
Julien Rambaldi,1392
Fred Cavayé,1393
Eva Trobisch,1394
Matt Shakman,1395
Fredric Lean,1396
Matt Piedmont,1397
Sabir Khan,1398
Imtiaz Ali,1399
John Cassavetes,1400
Will Canon,1401
Mong-Hong Chung,1402
Jeff Wadlow,1403
Yilmaz Erdogan,1404
Julien Leclercq,1405
Fred Durst,1406
Sitisiri Mongkolsiri,1407
Rizal Mantovani,1408
Simon Verhoeven,1409
Maria Sadowska,1410
Jeff Tomsic,1411
Heidi Brandenburg,1412
Mathew Orzel,1412
Fouad Mikati,1413
Priyadarshan,1414
Kookie Gulati,1414
Kieran Darcy-Smith,1415
Jonathan Mostow,1416
Masahiko Murata,1417
Jay Chapman,1418
Matt D'Elia,1419
M.J. Bassett,1420
Johnny Martin,1421
Liz Plonka,1422
Shlok Sharma,1423
Charles Stone III,1424
Eric Idle,1425
Aubrey Powell,1425
Shannon Hartman,1426
Lee Kirk,1427
Jonas Åkerlund,1428
Nishikant Kamat,1429
Shakun Batra,1430
Daniel Calparsoro,1431
Timo Vuorensola,1432
Prabhuraj,1433
Patryk Vega,1434
Anurag Basu,1435
Ahmed Nader Galal,1436
Oren Uziel,1437
Bruno Garotti,1438
Ashutosh Gowariker,1439
Mike Clattenburg,1440
Ezekiel Norton,1441
Daniel H. Birman,1442
Jessy Terrero,1443
Adam Randall,1444
Charlie Siskel,1445
Lukasz Kosmicki,1447
Elaine Bogan,1448
John Sanford,1448
Spike Lee,1449
Sam Wrench,1450
Gauravv K. Chawla,1451
Robert Smigel,1452
Chris Nahon,1453
Masahiko Murata,1454
Laura Dunn,1455
Jef Sewell,1455
Wash Westmoreland,1456
Ted Geoghegan,1457
Naoko Yamada,1458
Tom Barton-Humphreys,1459
Ram Gopal Varma,1460
Geoffrey Orthwein,1461
Andrew Sullivan,1461
Madonna,1462
Francesco Amato,1463
David Dhawan,1464
Olivia M. Lamasan,1465
Joachim Fest,1466
Christian Herrendoerfer,1466
Mae Czarina Cruz,1467
Director X.,1468
Prasad Gavandi,1469
Suleman Quadri,1469
Kitty Green,1470
Yann Gozlan,1471
George Stevens,1472
Angelina Jolie,1473
Jee-woon Kim,1474
Luis Estrada,1475
Dibakar Banerjee,1476
Jonathan Helpert,1477
Burr Steers,1478
George Stevens,1479
Michael Bonfiglio,1480
Scott Zabielski,1481
Jack C. Newell,1482
Alison Klayman,1483
Marek Kanievska,1484
Anees Bazmee,1485
Gary Michael Schultz,1486
Nzingha Stewart,1487
Prakash Mehra,1488
Mario Van Peebles,1489
Rami Hachache,1490
Juan Antin,1491
Hiroyuki Seshita,1492
Kôbun Shizuno,1492
Rakeysh Omprakash Mehra,1493
WooSuk Yang,1494
Steve Paley,1495
Zakariya Mohammed,1496
Don Michael Paul,1497
Linas Phillips,1498
Ted Demme,1500
M. Night Shyamalan,1501
Luis Lopez,1502
Clay Tweel,1502
Charles Stone III,1503
Mike Clattenburg,1504
Raúl Arévalo,1505
Juan Pablo Buscarini,1506
Dan Harris,1507
Pavel Parkhomenko,1508
Daniel Mann,1509
Joseph Sargent,1509
Saratswadee Wongsomphet,1510
Manu Ashokan,1511
Michael Petroni,1512
Jack Zagha Kababie,1513
Caradog W. James,1514
Dennis Iliadis,1515
Raam Reddy,1516
Anthony Giordano,1517
Heber Cannon,1518
Jay Karas,1519
Marco Bonfanti,1520
Steve McLean,1521
Morgan Neville,1522
Damien O'Connor,1523
Reginald Hudlin,1524
William Lau,1525
David Raynr,1526
Yilmaz Erdogan,1527
Mehdi Idir,1528
Grand Corps Malade,1528
Hakan Algül,1529
Ron Howard,1530
Nawapol Thamrongrattanarit,1531
Martín Rosete,1532
Joel Crawford,1533
Jay Karas,1534
Atanu Mukherjee,1536
Troy Miller,1537
Katarina Launing,1538
Raúl Campos,1539
Jan Suter,1539
Peter MacDonald,1540
Raj N. Sippy,1541
Ricky Gervais,1542
Motonori Sakakibara,1543
Tetsuo Yajima,1543
Kunihiko Yuyama,1543
E.L. Katz,1544
Walter Hill,1545
Neville Shah,1546
Nate Adams,1547
Adam Carolla,1547
Nicole Conn,1548
Sean Cisterna,1549
Chun Wong,1550
Joe Griffin,1551
Terry Loane,1552
RZA,1553
Joram Lürsen,1554
Amit Roy,1555
Eli Roth,1556
Aleksi Antonio Vettenranta,1557
Priyadarshan,1558
Salvador Calvo,1559
Burak Aksak,1560
Chris Koch,1561
Marcos Carnevale,1562
Jon M. Chu,1563
Seiji Mizushima,1564
Hiroyuki Seshita,1565
Kôbun Shizuno,1565
Jon Manning,1567
Marc Vigil,1568
Shirish Kunder,1569
David M. Rosenthal,1570
Javier Ambrossi,1571
Javier Calvo,1571
David E. Talbert,1572
Gerardo Olivares,1573
Cathy Garcia-Molina,1574
Rod Marmol,1575
Theo Love,1577
Adam Wood,1578
Hasan Karacadag,1579
Kazuchika Kise,1580
Chris Robinson,1581
Saandeep Patel,1582
Olaf de Fleur Johannesson,1583
Amman Abbasi,1584
Ji-woo Jung,1585
Rebecca Addelman,1586
Joe Lynch,1587
Michael Rianda,1588
Jeff Rowe,1588
Halitha Shameem,1589
Lance Bangs,1590
Leslye Headland,1591
Doug Walker,1592
Colin Dench,1593
Jay Oliva,1594
Gary Hartle,1594
Francisco Macri,1595
Ferzan Ozpetek,1596
Warren P. Sonoda,1597
Doug Lefler,1598
Don Michael Paul,1599
Chuck Russell,1600
Adrian Teh,1602
Dharmesh Darshan,1603
Thomas J. Wright,1604
Rusty Cundieff,1605
Darin Scott,1605
Richard Claus,1606
Karsten Kiilerich,1606
Ivan Silvestrini,1607
Brian Welsh,1608
Christopher Louie,1609
Hanung Bramantyo,1610
Rucha Humnabadkar,1611
A.R. Murugadoss,1612
Theresa Bennett,1613
Shaun Paul Piccinino,1614
John Murlowski,1615
Owen Egerton,1616
Alethea Jones,1617
Olly Blackburn,1618
Brit McAdams,1619
Ed Gass-Donnelly,1620
Jonathan Augustin,1621
Pedring Lopez,1622
Bryce Wagoner,1623
Pete Travis,1624
Ho-Cheung Pang,1625
John Haptas,1626
Kristine Samuelson,1626
Joe Berlinger,1627
Judah Friedlander,1628
Paul Soriano,1629
Theodore Boborol,1630
Ajay Bhuyan,1631
Vir Das,1631
Peter Orton,1632
Rima Das,1633
Vlad Yudin,1634
Sudhir Mishra,1635
Lennart Ruff,1636
Phillip Noyce,1637
Mohit Suri,1638
Harold Cronk,1639
Joseph Cross,1640
Jay Karas,1641
Riri Riza,1642
Eric Bross,1643
Wayne Orr,1644
Paul Reubens,1644
Kyzza Terrazas,1645
Jeannie Gaffigan,1646
Danièle Thompson,1647
Tom Jennings,1648
David Tillman,1648
Ameerjan,1649
Ram Gopal Varma,1649
Jack Gold,1650
Nabil Ayouch,1651
Scott Alexander,1652
Larry Karaszewski,1652
Chia-Liang Liu,1653
Chuck Russell,1654
Kelly Noonan,1656
Jae-hyun Jang,1657
Don Michael Paul,1658
Clive Tonge,1660
Chia-Liang Liu,1661
Frank Coraci,1662
Apoorva Lakhia,1663
Savage Steve Holland,1664
Mez Tharatorn,1665
Ian Edelman,1666
Sathyan Anthikad,1667
Ekachai Uekrongtham,1668
Manny Rodriguez,1669
Ishi Rudell,1670
Jayson Thiessen,1670
William Lau,1671
Jun Falkenstein,1671
Aaron Woodley,1672
Jonathan Heap,1673
Jaki Bradley,1674
Bobcat Goldthwait,1675
John Schultz,1676
Stephen Herek,1677
Mikhail Red,1678
Paul Andrew Williams,1679
Mar Targarona,1680
Brad Peyton,1681
Rohit Jugraj,1682
Nishikant Kamat,1683
Sang-ho Yeon,1684
Cathy Garcia-Molina,1685
Liam Lynch,1686
Imtiaz Ali,1687
Christian E. Christiansen,1688
Tony Giglio,1689
Akiva Goldsman,1690
Dan Bush,1691
Kinji Fukasaku,1692
Sadao Nakajima,1692
Jun'ya Satô,1692
Gene Quintano,1693
Mike Leigh,1694
Mateo Gil,1695
Philip Saville,1696
Brian Klein,1697
Wilson Yip,1698
Fernando Lebrija,1699
Mae Czarina Cruz,1700
Lars Klevberg,1701
Sooni Taraporevala,1702
Tim Hunter,1703
Mrighdeep Lamba,1704
Tom Vaughan,1705
Oz Perkins,1706
Rajkumar Santoshi,1707
Tyler Spindel,1708
Pamela Romanowsky,1709
Alfred Hitchcock,1710
Reem Kherici,1711
Kranti Kanadé,1712
Kheiron,1713
Alberto Saúl Arnaut Estrada,1714
Chris Bell,1715
David Baca Jr.,1715
Roger Gual,1716
Anees Bazmee,1717
Krutin Patel,1718
Maciej Dejczer,1719
Jody Hill,1720
Robert Rodriguez,1721
McG,1722
Alistair Legrand,1723
Aziz Mirza,1724
Jennifer Morrison,1725
Sam Liu,1726
Banjong Pisanthanakun,1727
Visute Poolvoralaks,1727
Paween Purikitpanya,1727
Songyos Sugmakanan,1727
Parkpoom Wongpoom,1727
Bruno Ascenzo,1728
Joanna Lombardi,1728
Ian MacNaughton,1729
Lance Bangs,1730
Steven C. Miller,1731
Jim Gable,1732
Barbra Streisand,1732
Tharun Bhascker Dhaassyam,1733
Liv Ullmann,1734
Frank Capra,1735
Anatole Litvak,1735
Waymon Boone,1736
Osmany Rodriguez,1737
David Schisgall,1738
Joyce Bernal,1739
Brett Hedlund,1740
Luis Javier Henaine,1741
Bronwen Hughes,1742
Jack Smight,1743
Stacy Title,1744
Brent Craft,1745
Steve Stone,1746
Peter Lepeniotis,1747
Kristin Hanggi,1748
Chia-Liang Liu,1749
Vikram Bhatt,1751
Robert Rodriguez,1752
Vishal Bhardwaj,1753
Leena Yadav,1754
Ivona Juka,1755
Avgousta Zourelidi,1756
Jun Falkenstein,1756
David L. Cunningham,1757
Jacob Kornbluth,1758
Sari Gilman,1758
Andy Cheng,1759
Raj B. Shetty,1760
Lik-Chi Lee,1761
Ron Clements,1762
John Musker,1762
Mikhail Red,1763
John Suits,1764
Frederick De Cordova,1765
Charles Officer,1766
Shivam Nair,1767
Tsutomu Mizushima,1768
Saket Chaudhary,1769
Shashank Khaitan,1770
Bill D'Elia,1771
Christian Zübert,1772
Ian Daniel,1773
Ellen Page,1773
Cathy Garcia-Molina,1774
Carolina Jabor,1775
Emanuel Hoss-Desmarais,1776
Peter DeLuise,1777
Daniel Calparsoro,1778
Venky Kudumula,1779
Stan Lathan,1780
James T. Walker,1781
Upi Avianto,1782
Floyd Russ,1783
Diego Luna,1784
Sudhanshu Saria,1785
Phanindra Narsetti,1786
Chandan Arora,1787
Alex Law,1788
Raj Kanwar,1789
Sean Hanish,1790
Azfar Jafri,1791
White Trash Tyler,1792
Isaac Yowman,1792
Stephen Gyllenhaal,1793
Dante Lam,1794
Matt Bell,1795
Khalid Marie,1796
Remo D'Souza,1797
Andres Clariond,1798
Gabriel Nuncio,1798
Claudio Guerín,1799
Burhan Qurbani,1800
Huw Cordey,1801
Sophie Lanfear,1801
Ilaira Mallalieu,1801
Kieran O'Donovan,1801
Hugh Pearson,1801
Gisle Sverdrup,1801
Kavi Raz,1802
Onir,1803
Lucy Cohen,1804
Ishi Rudell,1805
Dhanush,1806
Rob W. King,1807
Ezekiel Norton,1808
Scott Martin,1809
Joseph Losey,1810
Michael Paul Stephenson,1811
Renato De Maria,1812
Jeethu Joseph,1813
Shaun Paul Piccinino,1814
Susan Walter,1815
Aytaç Agirlar,1816
Douglas McGrath,1817
Jeremy Kenyon Lockyer Corbell,1818
Leslie Iwerks,1819
Anoop Sathyan,1820
Dylan Howitt,1821
Manny Rodriguez,1822
Matthew McNeil,1822
Vandana Kataria,1823
Sophie Laloy,1824
Manny Rodriguez,1825
Ryan Polito,1826
Michael Radford,1827
Jenée LaMarque,1828
David Higby,1829
Rob Dipple,1830
Norberto López Amado,1831
Kuntz Agus,1832
Rajiv Mehra,1833
Steve Gukas,1834
Mike Marvin,1835
Onur Tukel,1836
Guntur Soeharjanto,1837
Syamsul Yusof,1838
Sujoy Ghosh,1839
Alexandros Avranas,1840
Miguel Ángel Vivas,1842
Ajay Bahl,1843
Marty Stalker,1844
Simon Rumley,1845
Kevin Greutert,1846
Tommy O'Haver,1847
Marco Dutra,1848
Bill Oliver,1849
Walter C. Miller,1850
Mikhil Musale,1851
Henrik Ruben Genz,1852
Saara Cantell,1853
Rik Reinholdtsen,1854
Greg Pritikin,1855
Wojciech Marczewski,1856
Sermiyan Midyat,1857
Mike Disa,1858
Marcus Raboy,1859
Avinash Das,1861
Michael Laughlin,1862
Hanung Bramantyo,1863
Nonzee Nimibutr,1864
Werner Herzog,1865
Ann Deborah Fishman,1866
Tinu Pappachan,1867
Michael Simon,1868
Matthew McNeil,1868
Esteban Crespo,1869
Rajiv Menon,1870
Thierry Demaizière,1871
Alban Teurlai,1871
Tarsem Singh,1872
Punit Malhotra,1873
Keoni Waxman,1874
Yilmaz Erdogan,1875
Kasper Barfoed,1876
Randall Lobb,1877
Robert McCallum,1877
Rob McKittrick,1878
Krishna D.K.,1879
Raj Nidimoru,1879
Adisorn Trisirikasem,1880
M.J. Bassett,1881
Hasan Karacadag,1882
Bill D'Elia,1883
Phil Joanou,1884
Alison Maclean,1885
Ben Ryder,1886
Varun Narvekar,1888
Asim Raza,1889
Bilawal Hussain Abbasi,1889
Shaan Sheikh,1889
Shehrazade Sheikh,1889
Howard Franklin,1890
Doug Coleman,1891
A.L. Vijay,1891
Karim Aïnouz,1892
Marcus Raboy,1893
Yasir Nawaz,1894
Breck Eisner,1895
Maximilian Erlenwein,1896
Joshua Caldwell,1897
Federico Veiroj,1898
Sharmeen Obaid-Chinoy,1899
Jon Richards,1900
Nacho G. Velilla,1901
Selçuk Aydemir,1902
John Huston,1903
Michael Winterbottom,1904
Haissam Hussain,1905
Michelle Johnston,1906
Kanwal Sethi,1907
Michael Mayer,1908
Olivia M. Lamasan,1909
Jared Hess,1910
Don Michael Paul,1911
Sunil Soraya,1912
Michael Arias,1913
Masaru Matsumoto,1913
Junpei Mizusaki,1913
Kôji Morimoto,1913
Elsa Nakamichi,1913
Henry Thurlow,1913
Juan Manuel Cotelo,1914
Petra Costa,1915
Lea Glob,1915
Kivanç Baruönü,1916
Mike Fleiss,1917
Joe DeMaio,1918
Conor Allyn,1919
Yann L'Hénoret,1920
Midhun Manuel Thomas,1921
Olivia Milch,1922
Francesco Carrozzini,1923
J.J. Alani,1924
Archie Borders,1925
Suhas Kadav,1926
Punit Malhotra,1927
Bedran Güzel,1928
David Pablos,1929
Marco Schnabel,1930
Darko Stante,1931
Isabel Coixet,1932
Dito Montiel,1933
Vishal Bhardwaj,1934
Mir-Jean Bou Chaaya,1935
Jordi Llompart,1936
Emir Kusturica,1937
G.J. Echternkamp,1938
Paul Miller,1939
Aaron Hancox,1940
Michael McNamara,1940
Chayanop Boonprakob,1941
David Fincher,1942
Frank Capra,1943
Anatole Litvak,1943
Jalil Lespert,1944
Denis Henry Hennelly,1945
Casey Suchan,1945
Gabriela Tagliavini,1946
Susan Lambert,1947
Stefan Moore,1947
Colin Teague,1948
Jeff Tremaine,1949
Michael Goguen,1950
Conrad Helten,1950
Alex Coletti,1951
Chan-sang Lim,1952
Sean Menard,1953
Ryan Polito,1954
Hernán Zin,1955
Don Michael Paul,1956
Yilmaz Erdogan,1957
Mark Linfield,1959
Keith Scholey,1959
Brittany Andrews,1960
Andrew C. Erin,1961
Audu Paden,1962
Eric Radomski,1962
Kevin Peeples,1963
Rob Silvestri,1964
Maya Zinshtein,1965
Michael Mason,1966
Richard Mears,1967
Merlin Crossingham,1967
Ram,1968
Rhiannon Bannenberg,1969
Sandra Restrepo,1970
Ashok Nanda,1971
Leslie Small,1972
Shashanka Ghosh,1973
David Dhawan,1974
Robert Kouba,1975
Michael Simon,1976
Abbas Alibhai Burmawalla,1977
Mastan Alibhai Burmawalla,1977
Amalie Næsby Fick,1978
Jørgen Lerdam,1978
Philip Einstein Lipski,1978
Chad Archibald,1979
Deepak Gattani,1980
Ym Movies,1980
Partha Chakraborty,1981
Ibai Abad,1982
Aditya Kripalani,1983
Chito S. Roño,1984
Tim Hunter,1985
Mitch Gould,1986
Ranjit Jeyakodi,1987
Gerry Blaksley,1988
Krysia Plonka,1989
Patricia Font,1990
Matheus Souza,1991
Rodrigo Van Der Put,1992
Malik Nejer,1994
Ben Wallis,1995
Seth Henrikson,1996
John Lyde,1997
Brandon Nutt,1998
Lucien Jean-Baptiste,1999
Vincent Sherman,2000
Shannon Hartman,2001
Kyran Kelly,2002
Sameer Sharma,2003
Denny Lu,2004
Mike Myhre,2004
Jim Miller,2004
Tig Notaro,2005
Hanung Bramantyo,2006
Meisa Felaroze,2006
Paakhi A. Tyrewala,2007
Anthony D'Souza,2008
Josh Webber,2009
Muh Chen,2010
Rajesh Mapuskar,2011
Peter Sullivan,2012
Kivanç Baruönü,2013
Michael Goguen,2014
Karen J. Lloyd,2014
Michael Showalter,2015
Hepi Mita,2016
Kunal Deshmukh,2017
Darren Aronofsky,2018
Jon M. Chu,2019
Federico Veiroj,2020
Aijaz Khan,2021
Anne Fletcher,2022
Yesim Ustaoglu,2023
Phillip Youmans,2024
Naman Nitin Mukesh,2025
Stephen Donnelly,2026
Olly Reid,2026
Jun Falkenstein,2026
Vince Marcello,2027
Yusuf Pirhasan,2028
Frank W Chen,2029
Vibeke Idsøe,2030
Lucky McKee,2031
Kivanç Baruönü,2032
Bobcat Goldthwait,2033
Elaine McMillion Sheldon,2034
Cristina Jacob,2035
Castille Landon,2036
Baljit Singh Deo,2037
Khalid Marie,2038
Marcus Raboy,2039
William Monahan,2040
Gregory Caruso,2041
Maryo J. de los Reyes,2042
Austin Peck,2043
Anneliese Vandenberg,2043
Peter Hewitt,2044
Brian Klein,2045
William Kaufman,2046
S.S. Wilson,2047
Jun Lana,2048
Joe Menendez,2049
Peter Billingsley,2050
Jos Humphrey,2051
Kenny Park,2051
Frank Capra,2052
Hugh Stewart,2052
John Huston,2052
Neeraj Pandey,2053
Lance Bangs,2054
Anjum Shahzad,2055
David Mrnka,2056
Sylvie Verheyde,2058
Javier Ruiz Caldera,2059
Steve Paley,2060
Marcus Raboy,2061
Felix Herngren,2062
Måns Herngren,2062
Jennifer Beamish,2063
Toby Trackman,2063
Todd Wolfe,2064
Gabriel Grieco,2066
Hakan Algül,2067
Adarsh Eshwarappa,2068
Paul Miller,2069
Ahmed Nader Galal,2070
Sean Penn,2071
Vijay Kumar,2072
Nicholaus Goossen,2073
Lawrence Cheng,2074
Wael Ihsan,2075
Jeremy Konner,2076
Riki Lindhome,2076
Cody Stokes,2077
Roger Graef,2078
James Rogan,2078
Anil Sharma,2079
Nikkhil Advani,2080
Hakan Algül,2081
Christopher Jenkins,2082
Richard Rich,2083
Brian Oakes,2084
Kevin Derek,2085
Denis Rovira van Boekholt,2086
Michael Del Monte,2087
Yôji Yamada,2088
David de Vos,2089
Ryan Polito,2090
Xavier Manrique,2091
Ranjit Tewari,2092
Michael Simon,2093
Matthew McNeil,2093
Wael Ihsan,2094
Hasan Karacadag,2095
Raj Kanwar,2097
Karthik Subbaraj,2098
Anand Ravichandran,2099
Andrew Sandler,2100
Bette Gordon,2101
B.J. Perlmutt,2102
Bent-Jorgen Perlmutt,2102
Hao Wu,2104
Andy Tennant,2105
Shyam Benegal,2106
Brent Bonacorso,2108
Cristina Jacob,2109
Jamal Hill,2110
Gregory Jacobs,2111
Allan Ungar,2112
Zak Hilditch,2113
Shannon Hartman,2114
Yoshiyuki Momose,2115
John Fortenberry,2116
Richard Rich,2117
Dylan C. Brown,2118
Kivanç Baruönü,2119
Rajiv Mehra,2120
John Schultz,2121
Johnnie To,2122
Patrick Leung,2122
Johnny Mak,2122
James Yukich,2123
Don Michael Paul,2124
Handan Ipekçi,2125
Parambrata Chattopadhyay,2126
Marcus Raboy,2127
Kabir Bhatia,2128
Wi Ding Ho,2129
Steve Boettcher,2130
Matt Askem,2131
Sonny Marler,2132
B. Unnikrishnan,2133
Ethan Coen,2134
Joel Coen,2134
Abhishek Kapoor,2135
Simon Dinsell,2136
Jean-Pierre Melville,2137
Marlene Melchior,2138
Paul Raschid,2139
José Díaz,2140
Gerardo Olivares,2140
Julien Leclercq,2141
Tamas Yvan Topolanszky,2142
Patrik Syversen,2143
Alex Zamm,2144
Chito S. Roño,2145
Paul Serafini,2146
Peter Hausner,2147
David O. Russell,2148
Hanung Bramantyo,2149
Swarna Latha,2150
Ashley Eakin,2151
Kelly Duane,2152
Danielle Gardner,2153
Iñaki Dorronsoro,2154
Philip Kaufman,2155
Russell Howard,2157
Jason Paul Laxamana,2158
Rocky Soraya,2160
Lance Bangs,2161
Andrew Lau,2162
Andrew Loo,2162
Meng Hua Ho,2163
Dilip Mehta,2164
Sophon Sakdaphisit,2165
Kevin Ford,2166
Smriti Keshari,2166
Eric Schlosser,2166
Ali Scher,2167
Zoe Berriatúa,2168
Debamitra Biswal,2169
Theodore Boborol,2170
Olivier Marchal,2171
Mikel Rueda,2172
Ted Emery,2173
Mez Tharatorn,2174
Meltem Bozoflu,2175
Benjamin Nolot,2176
Rodney Giesler,2177
Yilmaz Erdogan,2178
Antoinette Jadaone,2179
Julio Soto Gurpide,2180
Justin G. Dyck,2181
William H. Macy,2182
Upi Avianto,2183
Pratim D. Gupta,2184
Amir Mohiuddin,2185
Paul Spurrier,2186
Arun Vaidyanathan,2187
Mandeep Kumar,2188
Ernesto Cabellos,2189
C. Fitz,2190
Angga Dwimas Sasongko,2191
Laura Alvea,2192
Jose F. Ortuño,2192
Anthony Abrams,2193
Adam Larson Broder,2193
William Brent Bell,2194
David Higby,2195
Thomas Sieben,2197
Anand Kamalakar,2198
Justin G. Dyck,2199
Elisabeth Vogler,2201
Steve Oedekerk,2202
Eduardo Chauvet,2203
Andibachtiar Yusuf,2204
Michael Cimino,2205
Mike Hodges,2206
John Upchurch,2207
Abbas Alibhai Burmawalla,2208
Mastan Alibhai Burmawalla,2208
Jeffrey G. Hunt,2209
John Herzfeld,2210
Wenn V. Deramas,2211
Jay Chapman,2212
Justin G. Dyck,2213
Holger Tappe,2214
Andy Capper,2215
Ryan Polito,2216
Siu-Tung Ching,2217
Johnnie To,2217
Doug McHenry,2218
Tinnu Anand,2219
Ted Emery,2220
Greg Rankin,2221
T.J. Sullivan,2221
Piyachart Thong-Uam,2222
Seth Fuller,2223
Scott Hussion,2223
Yibran Asuad,2224
Hakan Algül,2225
Craig Freimond,2226
Lisa France,2227
Jazz Boon,2228
Juan Carlos Rulfo,2229
Hanno Olderdissen,2230
Sébastien Betbeder,2231
Tim Rouhana,2232
David R. Ellis,2233
Senol Sönmez,2234
Ramesh Sippy,2235
Felix Starck,2236
Nikhil Bhat,2237
Vlad Yudin,2238
Andrew Lau,2239
Austin Stark,2240
Emilio Martínez Lázaro,2241
Khalid Mohamed,2242
Henrik Martin Dahlsbakken,2243
Chris Howe,2244
Deniz Gamze Ergüven,2245
Tony T. Datis,2246
Israel Adrián Caetano,2247
Bruno Stagnaro,2247
Antonio Morabito,2248
David Batty,2249
Marcelo Piñeyro,2250
Linda Mendoza,2251
Anik Datta,2252
Scott Moran,2253
Troy Miller,2254
Jeremy Chipper,2255
Mike Smith,2255
John Paul Tremblay,2255
Robb Wells,2255
Qaushiq Mukherjee,2256
Matthew Hope,2257
Rocky Soraya,2258
Anggy Umbara,2258
Borja Cobeaga,2259
Geethu Mohandas,2260
Chris Blake,2261
Kivanç Baruönü,2262
Marcus Raboy,2263
Michael Margolis,2264
Mamat Khalid,2265
Shannon Hartman,2266
Bradley Walsh,2267
Israel Adrián Caetano,2268
Sara Dosa,2269
Barbara Kopple,2269
Diego Pignataro,2270
Lygia Barbosa,2271
Eliane Brum,2271
Tom O'Brien,2272
Kery James,2273
Leïla Sy,2273
Sean Olson,2274
Jelle de Jonge,2275
Cavi Borges,2276
Luciano Vidigal,2276
Hua-Tao Teng,2277
Jeong-beom Lee,2278
Rodrigo Triana,2279
Hari Nath,2280
Chris Robinson,2281
Emily Hagins,2282
Jalil Lespert,2283
Nawapol Thamrongrattanarit,2284
Will Lockhart,2285
Cole D. Pruitt,2285
Umer Adil,2286
Riri Riza,2287
Xavier Gens,2288
Mike Smith,2289
John Paul Tremblay,2289
Robb Wells,2289
Jason Eisener,2289
Rohit Jugraj,2290
Michael Barnett,2291
Ran Wang,2292
Sherwin Shilati,2293
Sundar C.,2294
Michael D. Black,2295
Henry Bean,2296
Mauro Borrelli,2297
Everardo González,2298
Yayo Herrero,2299
Syrine Boulanouar,2300
Nekfeu,2300
Rob Zombie,2301
Marcus Raboy,2302
Saratswadee Wongsomphet,2303
Patricia Ferreira,2304
Mark Franchetti,2305
Andrew Meier,2305
Thiru,2306
Tom Forrest,2307
Gupse Ozay,2308
Jeff Wadlow,2309
Stuart Sender,2310
Julia Knowles,2311
Angga Dwimas Sasongko,2312
Jami,2313
Raúl Campos,2314
Jan Suter,2314
Julius R. Nasso,2315
Kenneth Branagh,2316
Tom Green,2317
Jayaprakash Radhakrishnan,2318
Rajiv Mehra,2319
David Stubbs,2320
Renzil D'Silva,2321
Raj Khosla,2322
Jerry Seinfeld,2323
William Friedkin,2324
Sheldon Lettich,2325
James Wan,2327
René Clair,2328
Roy Allen Smith,2329
Michael D. Black,2330
Ali Yorgancioglu,2331
Jay Chapman,2332
Salvatore Samperi,2333
Carlos Therón,2334
David Sampliner,2335
Rodrigo Salomón,2336
Pietro Scappini,2336
Isa Campo,2337
Isaki Lacuesta,2337
Kushal Srivastava,2338
Andrew Tan,2340
Michael Goguen,2340
David Briggs,2341
Olivier Afonso,2342
Michael Seater,2343
Christian De Vita,2344
Leticia Jorge,2345
Malcolm D. Lee,2346
Roman Coppola,2347
Scott McAboy,2348
Ketche,2349
Stephanie Turner,2350
Patryk Vega,2351
Pawan Kripalani,2352
Alison Klayman,2353
Scott L. Montoya,2354
Volker Arzt,2355
Angelika Sigl,2355
Mikhil Musale,2357
Leslie Small,2358
Victor Mukherjee,2359
Bille Woodruff,2360
Steve Amezdroz,2361
Roy Burdine,2362
Johnny Castuciano,2362
Akin Omotoso,2363
Jay Karas,2364
Louis J. Horvitz,2365
Namron,2366
Sudhir Mishra,2367
Julien Seri,2368
Gonzalo Bendala,2369
Dee Rees,2370
Mahesh Bhatt,2371
Damien Dante Wayans,2372
Amitoj Mann,2373
Dani Levy,2374
Alfonso Cortés-Cavanillas,2375
Stanley Kubrick,2376
Jatla Siddartha,2377
Hiroyuki Seshita,2378
Kôbun Shizuno,2378
Albert Sharpe,2379
Vijay Milton,2380
Rocky Soraya,2381
Jonás Trueba,2382
Clay Glen,2383
Kenneth Branagh,2384
Jessica Yu,2385
Adrian Lyne,2386
David Dinetz,2387
Dylan Trussell,2387
Paul Taublieb,2388
Jon Freeman,2388
Shakti Samanta,2389
Drew Stone,2390
Maz Jobrani,2391
Joaquín Mazón,2392
Wenn V. Deramas,2393
Jay Chapman,2394
Jay Karas,2395
Sam Cullman,2396
John Polson,2397
Eli Roth,2398
Gauravv K. Chawla,2399
Janet Tobias,2401
Claus Wehlisch,2401
Marina Seresesky,2402
Kinga Debska,2403
Dianna Agron,2404
Peter Chelsom,2404
Claus Clausen,2404
Fernando Eimbcke,2404
Justin Franklin,2404
Dennis Gansel,2404
Dani Levy,2404
Daniel Lwowski,2404
Stephanie Martin,2404
Josef Rusnak,2404
Til Schweiger,2404
Massy Tadjedin,2404
Gabriela Tscherniak,2404
Jasbir Bhaati,2405
Richard Fleischer,2406
Lorene Machado,2407
Tung-Shing Yee,2408
Amshan Kumar,2409
L. Rezan Yesilbas,2410
Olivier Loustau,2411
Steve Rash,2412
Udai Singh Pawar,2413
Kief Davidson,2414
Nottapon Boonprakob,2415
Eric Radomski,2416
Leo Riley,2416
Stéphanie Di Giusto,2417
Kate Melville,2418
Eric Laneuville,2420
Lance Bangs,2421
Mario Mattei,2422
Shashilal K. Nair,2423
Santosh Sivan,2424
Drew Casson,2425
Madhur Bhandarkar,2426
Wenn V. Deramas,2427
Aditya Kripalani,2428
Lekh Tandon,2429
Mike Gunther,2430
Joyce Bernal,2431
Conrad Helten,2432
David Dhawan,2433
Mohsin Ali,2434
Aziz Mirza,2435
Sangeeth Sivan,2436
Dani de la Torre,2437
Marcus Raboy,2438
Che Sandoval,2439
Rocky Soraya,2440
Felipe Martínez Amador,2441
Blayne Weaver,2442
Dan Villegas,2443
Robert Eagar,2444
Anette Wilhelm,2445
Leone Frisa,2446
Alessandro Pepe,2446
Sarthak Dasgupta,2447
Jay Chapman,2448
Pedro Coutinho,2449
Benjamin Dickinson,2450
Keoni Waxman,2451
Steve Race,2452
Daniel Wilner,2453
Luc Besson,2455
Senol Sönmez,2456
Partho Mitra,2457
Shannon Hartman,2458
Florian Schnell,2459
Daniela Goggi,2460
Reema Kagti,2461
Basava Shankar Eeday,2462
Aleksandr Chernyaev,2463
David Salzberg,2464
Christian Tureaud,2464
Michael D. Black,2465
Mario Rouleau,2466
Samuel Jouy,2467
Stan Lathan,2468
Paul Verhoeven,2469
Sridhar Rangayan,2470
Oskar Santos,2471
Jay Karas,2472
Shreyas Talpade,2473
Remo D'Souza,2474
Jay Karas,2475
Vysakh,2476
Diego Pignataro,2478
Michael Tiddes,2479
Alex Minton,2480
Param Gill,2481
Rohit Jugraj,2482
Samir Soni,2483
Matt Angel,2484
Suzanne Coote,2484
Gary Wheeler,2485
Michael Drumm,2486
Chad Van De Keere,2487
John Asher,2488
Tom Fassaert,2489
Jota Linares,2490
Rakesh Mehta,2491
Soon-rye Yim,2492
Clay Glen,2493
Awi Suryadi,2494
Wagner de Assis,2495
David Batty,2496
Radhika Rao,2497
Vinay Sapru,2497
Dana Doron,2498
Uriel Sinai,2498
Marie Madinier,2499
Gangadhar Salimath,2500
Stuart Heisler,2501
Trisha Ziff,2502
David Duchovny,2503
Otilia Portillo Padua,2504
Sermiyan Midyat,2505
Katherine Fairfax Wright,2506
Cheng-Kuo Yen,2507
John Carpenter,2509
Kranti Redkar,2510
Rakesh Ranjan Kumar,2511
Alphonzo Wesson,2512
Pierre Deschamps,2513
Richard Michaels,2514
Antongiulio Panizzi,2515
Dianne Dreyer,2516
Sean McNamara,2517
Amy Schumer,2518
Myriam Aziza,2519
Jim Monaco,2520
Latif Faiziyev,2521
Umesh Mehra,2521
Vivek Agnihotri,2522
Chia-Liang Liu,2523
Jay Chapman,2524
Mozez Singh,2525
Mansore,2526
Kyle Rankin,2527
John Smithson,2528
Benjamin Weill,2529
Angga Dwimas Sasongko,2530
Karl Mueller,2531
Hanung Bramantyo,2532
N. Linguswamy,2533
Pankaj Batra,2534
Rajan Madhav,2535
Prawaal Raman,2536
David Batty,2537
Stanley Moore,2538
Alex Woo,2538
Jordan Brady,2539
Geun-hyun Cho,2540
Jon Carey,2541
Adam Darke,2541
Leanne Gater,2542
Yimou Zhang,2543
Laura Mañá,2544
Kuan-Hui Lin,2545
Andrea Molaioli,2546
Padraig Reynolds,2547
Renzil D'Silva,2548
Chris Eigeman,2549
Glen Goei,2550
Gavin Yap,2550
Brian Baugh,2551
Andrey Konchalovskiy,2552
Albert Magnoli,2552
Bob Spiers,2553
Anna Elizabeth James,2554
Mark A.Z. Dippé,2555
Kyung Ho Lee,2555
Craig Goodwill,2556
Sarjun,2557
Shanjey Kumar Perumal,2558
Avi Nesher,2559
Anjali Nayar,2560
Victor Cook,2561
Kevin Altieri,2561
Alan Caldwell,2561
Victor Cook,2561
Frank Paur,2561
Wenn V. Deramas,2562
Prakash Jha,2563
Brad Furman,2564
David Dhawan,2565
Atsajun Sattakovit,2566
Dan Villegas,2567
Chia Tang,2568
Vlad Yudin,2570
Conrad Helten,2571
Ezekiel Norton,2571
Michael Goguen,2571
Marcus Raboy,2572
David Dhawan,2573
Sneha Taurani,2574
John Bridcut,2575
Bernie Denk,2576
Linda Otto,2577
Robert Markowitz,2578
Gurvinder Singh,2579
Jay Lyons,2580
Thomas Stuber,2581
Marcelo Altmark,2583
Mariano Mucci,2583
Luis A. Scalella,2583
Christopher Martin,2584
Enrico Bisi,2585
D. Ho,2586
Rakeysh Omprakash Mehra,2587
Farhan Alam,2588
Alex Burunova,2590
Mark Atkins,2591
Robbie Countryman,2594
Jonathan Tzachor,2595
Kees Van Oostrum,2596
Pradeep Verma,2597
Claude Lelouch,2598
Daniel Kontur,2599
Ozan Açiktan,2600
Vlad Yudin,2601
Chris Sivertson,2602
Rob Reiner,2603
Mohamed Samy,2604
Mike Clattenburg,2605
Erik Canuel,2606
Kevan Peterson,2608
A.L. Vijay,2609
Tati Vogt,2610
Sundar C.,2611
Elisa Fuksas,2612
Eduardo Mendoza de Echave,2613
Nagesh Kukunoor,2614
Aleksey Balabanov,2615
Eric Radomski,2616
Mitch Schauer,2616
David Field and George Basha,2617
George Basha,2617
Selvamani Selvaraj,2618
Ksshitij Chaudhary,2619
Padmakumar Narasimhamurthy,2620
Seymour Kneitel,2621
Roger Young,2622
Derek Peck,2623
Swapnaneel Jaykar,2624
Hakan Algül,2625
Hèctor Hernández Vicens,2626
Kendrick Hew,2627
Daniel Ablin,2628
Tom Stern,2630
Marcus Raboy,2631
Amardeep Singh Gill,2632
Yanyong Kuruaungkoul,2633
You-jeong Chang,2634
Rhys Thomas,2635
Ahmed Yousry,2636
Hazem Fouda,2636
Jay Chapman,2637
Johan Brisinger,2638
Rodrigo Van Der Put,2639
Sohail Tatari,2640
Rana Ranbir,2641
Deepa Mehta,2642
Gonzalo López-Gallego,2643
Maya Forbes,2645
Raja Menon,2647
Mike Leigh,2648
Mercedes Cordova,2649
Kate Horne,2650
Hernán Zin,2651
Herman Yau,2652
Sam Loh,2653
Uwe Boll,2654
Sam Voutas,2655
Raúl Campos,2656
Jan Suter,2656
Marcus Raboy,2657
Ram Gopal Varma,2658
Andy Fickman,2660
Rebecca Zlotowski,2661
Wyatt Cenac,2662
Navjot Gulati,2663
Hakan Algül,2664
David Wiebe,2665
Diego Lerman,2666
John Huston,2667
Terry George,2668
Marek Losey,2669
Lô Politi,2670
Rajat Kapoor,2671
Hubert Woroniecki,2672
Mitch Schauer,2673
Camille Shooshani,2674
Jonathan A. Rosenbaum,2675
Soukarya Ghosal,2676
Arun Chidambaram,2677
Alex Merkin,2678
Marek Losey,2679
Jannicke Mikkelsen,2680
Shanawaz Nellikunnil,2681
Robert Vince,2682
Everardo González,2683
Tanuj Bhramar,2684
Ross Boyask,2685
Brandon Dickerson,2686
Ketan Mehta,2687
Saurabh Sinha,2689
Rajiv Chilaka,2690
Binayak Das,2690
Rob Smat,2691
Guddu Dhanoa,2692
Maria Ripoll,2693
Navaniat Singh,2694
Iman Brotoseno,2695
Zoe Berriatúa,2696
Mahmoud al Massad,2698
Ben Patterson,2699
Anees Bazmee,2700
Cheh Chang,2701
Daniel Gray Longino,2702
Ricardo Maldonado,2703
Joshua Izenberg,2704
Wynn Padula,2704
Harold Harris,2705
Peter Webber,2706
Peter Spirer,2707
Shammi Kapoor,2708
Yavuz Turgul,2709
Sudip Bandyopadhyay,2710
Christopher Storer,2711
Tejas Prabhaa Vijay Deoskar,2712
Steve Carr,2713
Chris Howe,2714
Caryn Waechter,2715
Alex Díaz,2716
Chad L. Scheifele,2717
Chester Tam,2718
Gaurav Narayanan,2719
Mike Gunther,2720
Jim McBride,2721
Jay Chapman,2722
Feroz,2723
Phuwanit Pholdee,2724
Chanon Yingyong,2724
Philip Marlatt,2725
Richard van't Riet,2726
Shravan Kumar,2727
Chi Fat Chan,2728
Lluís Segura,2729
Benny Fredman,2730
William E. Badgley,2731
Milton Horowitz,2732
Will Eisenberg,2733
Paul Krüger,2734
Anél Stolp,2734
Craig Elrod,2735
Mark A.Z. Dippé,2736
Frank Capra,2737
Joris Ivens,2737
Raúl Campos,2738
Jan Suter,2738
Roman Gackowski,2739
Kagiso Lediga,2740
Richard Valverde,2741
Stanislaw Rózewicz,2742
Aníbal Di Salvo,2743
Maris Curran,2744
Frédéric Tonolli,2745
Raúl Campos,2746
Jan Suter,2746
Sam Upton,2747
Milan Luthria,2748
Rohit Jugraj,2749
Ifa Isfansyah,2750
Dorian Fernández-Moris,2751
Lucky Kuswandi,2752
Amit Barot,2753
Mariano Baez,2754
Cristina Jacob,2755
Anees Bazmee,2756
James Dearden,2757
Vikram Pradhan,2758
Ishaya Bako,2759
Karen J. Lloyd,2760
Marcos Bucay,2761
Jeremiah Jones,2762
Agustí Villaronga,2763
Noor Imran Mithu,2764
Lance Bangs,2765
Ryan Koo,2766
Aadish Keluskar,2767
Trey Haley,2768
Charles Walters,2769
Scott Marshall Smith,2770
Ajithkumar,2771
Troy Miller,2772
Frederick Cipoletti,2773
July Hygreck,2774
Philip Yung,2775
Cheuk Man Au,2775
Fulvio Iannucci,2776
Roly Santos,2776
Bassam Tariq,2777
Wim Bonte,2778
Shigeharu Takahashi,2779
Shinji Ushiro,2779
Mark Risley,2779
Ishi Rudell,2780
Katrina Hadley,2780
Kim A. Snyder,2781
Cal Seville,2782
Ticoy Rodriguez,2783
Zsolt Pálfi,2784
Mahmoud Karim,2785
Jiju Asokan,2786
Stefan Aust,2787
Dirk Laabs,2787
Hashim Nadeem,2788
Franck Phelizon,2789
Stephina Zwane,2790
Luis Ara,2791
Justin G. Dyck,2792
Ellen Brown,2793
Georges Hachem,2794
Marcus Raboy,2795
Jesse Adang,2797
Syrine Boulanouar,2797
Cristina Jacob,2798
Shanavas K. Bavakutty,2799
Rudge Campos,2800
Junior Carelli,2800
Jeff Garlin,2801
Majid Al Ansari,2802
Ahishor Solomon,2803
Li Jun,2804
Bauddhayan Mukherji,2805
Tom Vaughan,2806
Matt Kay,2807
Nicholas Winter,2808
Edward Cotterill,2809
Paul Berczeller,2810
Mark Radice,2810
Ole Christian Madsen,2811
Erwin van den Eshof,2812
Aruna Raje,2813
Matt Kugelman,2814
Rodrigo Reyes,2815
Arthur Allan Seidelman,2816
Ali Samadi Ahadi,2817
Juan Manuel Cotelo,2818
Rajesh Touchriver,2819
Puneet Sira,2820
Raman Kumar,2821
Kepa Sojo,2823
Tii Ricks,2824
John Papola,2825
Zu Quirke,2826
Shazia Ali Khan,2827
Alex Winter,2828
Ryan Polito,2829
Jonathan Brough,2830
Jonathan Tzachor,2830
Aneesh Anwar,2831
Adam Marino,2832
Matías Bize,2833
Faraz Haider,2834
Richard Heap,2835
John L Matthews,2835
John L. Matthews,2835
Paul Munger,2836
Patrick Leung,2837
Corey Yuen,2837
Danny J. Boyle,2838
David Lam,2839
Mark A.Z. Dippé,2840
Eondeok Han,2840
Michael Civille,2841
Umesh Mehra,2843
Lars Büchel,2844
Prem Soni,2845
Ahmed El Gendy,2846
Victor Schertzinger,2847
Sean Cisterna,2848
Linda Mendoza,2849
Gilbert Chan,2850
Sermiyan Midyat,2851
Robert Adetuyi,2852
Nila Madhab Panda,2853
Shan Hua,2854
Harry Chaskin,2855
McG,2856
Magdi El-Hawari,2857
Amitoj Mann,2858
Teo Konuralp,2859
Jay Chapman,2860
Scott L. Montoya,2861
Swapna Waghmare Joshi,2862
Rene Bueno,2863
Marco Risi,2864
Kuno Becker,2865
Lekh Tandon,2866
Ralph Macchio,2867
John Stockwell,2868
Andrew L. Stone,2869
Salil Jason Fernandez,2870
Patrick Graham,2870
Christopher Menaul,2871
Louise Alston,2872
Curro Velázquez,2873
Felix Starck,2874
Savage Steve Holland,2875
Vivieno Caldinelli,2876
Steve Carr,2877
V C Abhilash,2878
To-Hoi Kong,2879
Lorena Muñoz,2880
Nicolas Brossette,2881
Atharv Baluja,2882
Luis Ara,2883
Anurag Basu,2884
Billy Lyons,2885
Kim Ferraro,2885
Seth Isler,2885
Abhijit Kokate,2886
Srivinay Salian,2886
Will Yapp,2887
A.L. Vijay,2888
Andreas Pichler,2889
Smeep Kang,2890
Alejandro Fernández Almendras,2892
Dan Sladkus,2893
Kemi Adetiba,2894
Tope Oshin,2895
Mohamed Samy,2896
Indrasis Acharya,2897
Hira Klatt,2898
Marcella Muller,2898
Angelika Sigl,2898
John Asher,2899
Mauro Scandolari,2900
Alexis Morante,2901
Daniel Arasanz,2903
Mark Benjamin,2904
Marc Levin,2904
Alfonso Serrano Maturino,2905
Chris Stokes,2906
Ritu Sarin,2907
Tenzing Sonam,2907
John Brahm,2908
Rakshith Thirthahalli,2909
Priyadarshan,2910
Jude Okwudiafor Johnson,2912
N. Linguswamy,2913
Suresh,2913
David L.G. Hughes,2914
Indrajit Nattoji,2915
Fazila Allana,2917
Rajeev Chaudhari,2918
Manoj Beedha,2919
Ashim Ahluwalia,2920
Guilherme Fontes,2921
Sedat Kirtan,2922
Kubilay Sarikaya,2922
Thiru,2923
Jee-woon Kim,2924
Greg MacGillivray,2925
Henry Grazinoli,2926
John Dorsey,2927
Khaled Youssef,2928
Kunle Afolayan,2929
Chad Van De Keere,2930
G.J. Echternkamp,2931
Fred Olen Ray,2932
Jerry G. Angelo,2933
Gayane Petrosyan,2934
Michael Winterbottom,2935
Erol Özlevi,2936
Carlo Padial,2937
Sridhar Jetty,2938
Luke Kenny,2940
Devaki Singh,2940
Ahmad El-Badri,2941
Shazia Javed,2942
Ken Ghosh,2943
Raúl Campos,2944
Jan Suter,2944
Ross Venokur,2945
Garin Nugroho,2947
Anita Udeep,2948
Ali F. Mostafa,2949
Richard Williams,2950
Satyajit Ray,2951
Ashutosh Gowariker,2952
Marcos Bucay,2953
Alex Díaz,2953
Vipul Amrutlal Shah,2954
Mariano Dawidson,2955
Larry Elikann,2956
Hadi El Bagoury,2957
Ananth Narayan Mahadevan,2958
Vivieno Caldinelli,2959
Gary Wing-Lun Mak,2960
Jeff Gill,2961
Evan Spiridellis,2961
Jathin Sanker Raj,2962
Nishanth Ravindaran,2962
Jesse Allain-Marcus,2964
Wade Allain-Marcus,2964
Wael Ihsan,2965
Joe Cornish,2966
Tom Donahue,2967
Vivieno Caldinelli,2968
Roy Campanella II,2969
Pia Sukanya,2970
Tanit Jitnukul,2971
Raj Kumar Gupta,2972
Praveen Nischol,2973
Tamta Gabrichidze,2974
Allan Jacobsen,2976
Kevin Wotton,2976
Stephen Cooper,2976
Josh Taback,2976
Tom McLoughlin,2977
Spyros Melaris,2978
Pankaj Batra,2979
Sameh Abdulaziz,2980
Felix Chong,2981
Robert Vince,2982
Adze Ugah,2983
John Boorman,2984
Rohit Mittal,2985
Elizabeth Chai Vasarhelyi,2986
Santram Varma,2987
Bolanle Austen-Peters,2990
Jaivi Dhanda,2991
Dar Gai,2992
Dheer Momaya,2992
Kevin Layne,2993
Michael Buster,2994
Niyi Akinmolayan,2995
Omoni Oboli,2996
Satyajit Bhatkal,2997
Nick Mead,2998
Binu Ulahhannan,2999
Erwin van den Eshof,3000
Jo Blankenburg,3001
John Stewart Muller,3002
Don Michael Paul,3003
Mohamed Khalifa,3004
Buzz Kulik,3006
Anant Balani,3007
Rajiv Chilaka,3008
Walter C. Miller,3009
Joel Oliansky,3010
Kay Cannon,3011
Gajendra Ahire,3012
Viju Mane,3012
Girish Mohite,3012
Kroll Azri,3013
Francesco Imperato,3014
Jay Surridge,3015
Tope Oshin,3016
Raúl Campos,3017
Jan Suter,3017
Nishil Sheth,3019
Michael A. Nickles,3020
Christopher Guest,3021
Venugopan,3022
Özcan Alper,3023
Sherif Mandour,3024
Poj Arnon,3025
Sudipto Roy,3026
Clarence Yiu-leung Fok,3027
David Askey,3028
Anil Thomas,3030
Harvey Lowry,3031
Rebecca Harrison,3032
David Dhawan,3033
Baljit Singh Deo,3034
Alex Israel,3035
Richard Bailey,3036
Adele K. Thomas,3036
Shadab Khan,3037
Aditya Sarpotdar,3038
Meng Hua Ho,3039
Umesh Mehra,3040
Ron Myrick,3041
Jay Chapman,3042
Jean-François Blais,3043
Anggy Umbara,3044
Toa Fraser,3045
Jean-Claude Flamand-Barny,3046
Sunil Thakur,3047
Shivani Thakur,3047
Hemant Gaba,3048
Pratim D. Gupta,3048
Sudhish Kamath,3048
Nalan Kumarasamy,3048
Anu Menon,3048
Sandeep Mohan,3048
Qaushiq Mukherjee,3048
Rajshree Ojha,3048
Raja Sen,3048
Abhinav Shiv Tiwari,3048
Suparn Verma,3048
Eddie Martin,3049
Pushkar Manohar,3050
Mike Smith,3051
John Paul Tremblay,3051
Robb Wells,3051
Jeremy Harty,3051
Gary Howsam,3051
Antonio Serrano,3052
Ellen Brown,3053
Leena Yadav,3054
Biswajeet Bora,3055
Vijay Yelakanti,3057
Mangesh Hadawale,3058
Max Amini,3059
Partho Ghosh,3060
Suman Ghosh,3062
Jakob Lass,3063
Sanjiv Jaiswal,3064
Kevin Bray,3065
Lok Man Leung,3067
Kim-Ching Luk,3067
Chakri Toleti,3068
Jay Bulger,3069
Poj Arnon,3070
Nigel Cole,3071
Wenn V. Deramas,3072
Amitabha Singh,3073
Jan Suter,3074
Raúl Campos,3074
Richard Finn,3075
Tim Maltby,3075
Michael J. Gallagher,3076
Rano Karno,3077
Ganesh Kadam,3078
Jing Wong,3079
Umesh Mehra,3081
Manish Jha,3082
Tengiz Abuladze,3083
Sonia Lowman,3084
Néstor Sánchez Sotelo,3085
L. Frazier,3086
Laura Vanzee Taylor,3087
Isabelle Nanty,3088
Sanjib Dey,3090
Andrew Lau,3092
Cal Seville,3093
Raúl Campos,3094
Jan Suter,3094
Kwabena Gyansah,3095
Kunal Kohli,3096
Jorge M. Fontana,3098
Femi Oyeniran,3099
Nicky Slimting Walker,3099
Nikkhil Advani,3100
Brant Sersen,3102
Vipin Parashar,3104
Ziggy Hofmeyr,3105
Nathaniel Warsh,3106
Fernando Ayllón,3107
Poj Arnon,3108
Naresh Saigal,3109
Nik Amir Mustapha,3110
M.S. Prem Nath,3110
Teong Hin Saw,3110
Fabien Beziat,3111
Hugues Nancy,3111
Mike Flanagan,3112
Mohamed Samy,3114
Omoni Oboli,3115
Benjamin Cohen,3116
Nicolas Cotto,3116
Rolfe Kanefsky,3117
Jing Wong,3118
Ovidio G. Assonitis,3119
Robert Barrett,3119
Arthur Muhammad,3121
Kirati Nakintanon,3122
Andy Caballero,3123
Diego Corsini,3123
Michael McKay,3124
Navinder Pal Singh,3126
Damani Baker,3128
Khaled El Halafawy,3129
Svetlana Cvetko,3130
Raúl Campos,3131
Jan Suter,3131
Maria Demeshkina Peek,3132
Atanu Ghosh,3133
Oliver Stone,3134
Christopher Murray,3135
Saji Surendran,3136
Jesús Torres Torres,3138
Alexander Nevsky,3140
Raúl Campos,3141
Jan Suter,3141
Mariana Tschudi,3142
Damián Romay,3143
Sze Yu Lau,3144
Ben Wallis,3145
Kevin Layne,3146
Ron Myrick,3147
Sonny Mallhi,3148
Georges Monca,3149
Nisheeta Keni,3150
Simranjit Singh Hundal,3151
Drew Casson,3152
Diego Cohen,3153
Rudy Soedjarwo,3154
Rainer Werner Fassbinder,3156
David Mackay,3157
Linda Korsten,3158
Gregory Hoblit,3159
Rajiv Mehra,3160
Vlad Yudin,3161
Raaghav Dar,3163
Dave Patten,3164
James Brown,3165
Ana Quiroga,3166
Siu-Hung Chung,3168
Jing Wong,3168
Rodrigo Pelmonto,3169
Raúl Campos,3171
Jan Suter,3171
Einar Gabbassov,3172
Peter Manoogian,3173
Jiang Liu,3175
Chandran Narikode,3176
José Luis Gutiérrez Arias,3177
Fernando Sariñana,3177
Mana Yasuda,3178
Pulkit,3179
Jesse Handsher,3180
Olivier Roland,3180
Note Chern-Yim,3181
Brian Volk-Weiss,3182
B.N. Shajeer Sha,3183
Saheed Arafath,3184
James Jones,3186
Buz Wallick,3187
Sergio Barrejón,3188
Corey Grant,3189
Kim Joo-Hyung,3190
Prasobh Vijayan,3191
Joshiy,3192
Jem Chen,3193
Vincent Fang,3193
Mickey Huang,3193
Giddens Ko,3193
Raúl Campos,3194
Jan Suter,3194
Walter C. Miller,3196
Sameh Abdulaziz,3198
Chad Chance,3199
André D'Elia,3200
K Rajagopal,3201
Dharmendra Suresh Desai,3203
Josh Wakely,3204
Pablo De La Torre,3204
Gafoor Y. Elliyaas,3205
Farah Khan,3206
Raúl Campos,3207
Jan Suter,3207
John Hoffman,3208
Nanfu Wang,3208
Kyle John Blake,3210
Kenyon Hoag,3210
Michael McKay,3211
Toka McBaror,3212
Álvaro Longoria,3213
Gerardo Olivares,3213
Kunle Afolayan,3214
Jason Bourque,3215
Santiago Diaz Oso,3216
Renae Bluitt,3218
Sterling Milan,3218
Manjeet Singh,3219
Ming Jin Woo,3221
Agnidev Chatterjee,3222
Herman Yau,3224
Rai Yuvraj Bains,3225
Andrew Renzi,3226
Sachin Yardi,3227
Tarek Alarian,3228
Ossama Abu El Atta,3228
Nakul Singh Sawhney,3229
K.C. Bokadia,3230
Qaushiq Mukherjee,3231
Diego Pignataro,3232
Will Wernick,3234
Anuranjan Premji,3235
Kamal Sahni,3236
Frank Ariza,3237
Benjamin Turner,3238
Mayur Vaishnav,3239
Jenni Ivers,3240
K. Gopinathan,3241
Jason Lai,3242
Johnnie To,3243
Pablo D'Alo Abba,3244
Janaki Vishwanathan,3245
Myshkin,3246
Robert Vince,3247
Yûki Yamato,3248
Yuhang Chen,3249
Maria Burton,3250
Ravi Babu,3251
Khalid Marie,3252
Gabriel Cruz Rivas,3253
Rodrigo Guardiola,3253
Umesh Shukla,3254
Robert Vince,3255
Amitoj Mann,3256
Ravishankar Venkateswaran,3257
Sushil Majumdar,3258
Joe Camp,3259
Ismail Farouk,3261
Alfonso Rodriguez,3262
Marco Deufemia,3263
Justin G. Dyck,3263
Ayush Raina,3264
Suparn Verma,3265
Raúl Campos,3266
Jan Suter,3266
Sameer Vidwans,3267
Atul Malhotra,3270
Mark Jackson,3271
Simon Kassianides,3271
Vadim Jean,3272
Scott Moran,3273
Enzo Pirrone,3274
Ksshitij Chaudhary,3275
Babu Narayanan,3276
Joseph P. Genier,3277
Ryu Jung-woo,3278
Anna Paik,3278
Byungjae Yoo,3279
Seyi Babatope,3280
Lucas Figueroa,3281
Gajendra Ahire,3282
Raúl Campos,3283
Jan Suter,3283
Rajiv Chilaka,3284
Anirban Majumder,3284
James Yukich,3285
Jesse Gustafson,3286
Sorin Dan Mihalcescu,3287
Ishaan Trivedi,3288
Richard Bailey,3289
Hernán Zin,3290
Laura Somers,3291
Adam 'Tex' Davis,3292
Jerry Kolber,3292
Trey Nelson,3292
Erich Sturm,3292
Bobby Roth,3293
Paul Scheuring,3294
Prakash Saini,3295
Jon Cohen,3297
Sachin Kamlakar Khot,3298
Eric Zaragoza,3299
Ruben Fleischer,3300
Roberto Girault,3301
Shadi Ali,3302
Raúl Campos,3303
Jan Suter,3303
Bhushan Patel,3304
John A. Russo,3305
Rajiv Mehra,3307
Debaloy Dey,3308
Pawan k Shrivastava,3310
Saket S. Behl,3311
Todd S. Yellin,3312
Sabu Varghese,3313
Kiran Narayanan,3314
Oluseyi Asurf,3316
Johnny Breedt,3317
Kundan Shah,3318
Dhruv Dhawan,3319
Shamyl Othman,3320
Raúl Campos,3321
Jan Suter,3321
Nagesh Kukunoor,3323
Don Omope,3324
Hamish Grieve,3325
Amit Saxena,3326
Datta Mohan Bhandare,3327
Paul M. Green,3328
Wu Ma,3329
Volker Weicker,3330
Robert McCullough Jr.,3331
Raúl Campos,3332
Jan Suter,3332
Rahat Kazmi,3333
Bhanu Pratap Singh,3333
Alina Teodorescu,3334
Guddu Dhanoa,3335
Vincent Kok,3336
Hal Kanter,3337
Jayan Vannery,3338
Ismail Farouk,3339
Tali Shalom-Ezer,3340
Raymond McGrath,3341
Cosima Spender,3343
Anthony Pierce,3344
Tiffanie Hsu,3345
Timothy Woodward Jr.,3346
Fernando Ayllón,3347
Nidhi Sharma,3350
Umesh Mehra,3351
Fabrizio Copano,3352
Augusto Matte,3352
Alex Stapleton,3353
Ernest Prakasa,3354
Ananth Narayan Mahadevan,3355
Lisa Kors,3357
Joji Raechal Job,3358
Vishnu Govindhan,3359
Navneet Behal,3360
Sanjay Jadhav,3361
Mohamed Hamdy,3362
P.T. Kunju Muhammad,3363
Cal Seville,3364
Andrew Goth,3365
Teddy Lussi-Modeste,3366
Y. Joon Chung,3367
Grant S. Johnson,3368
Jena Serbu,3368
R. Kannan,3369
Sukhbir Singh,3371
Rano Karno,3372
Sang-soo Hong,3373
Ahmed Zain,3374
Mohamed Hamdy,3375
Niyi Akinmolayan,3376
Leslie Small,3377
Karan Chavan,3378
Vikram Patil,3378
R. Ellis Frazier,3379
Sukhum Mathawanit,3380
Christopher Nolen,3381
Jin-sung Choi,3382
Jean-Claude La Marre,3383
Ismail Farouk,3384
Bhagyaraj,3385
Francesco Imperato,3387
Christopher Nolen,3388
Francisco Schultz,3389
Rodrigo Toro Solovera,3389
Note Chern-Yim,3390
Tamer Basyuni,3391
Anil Baindur,3392
Ali Bin Matar,3393
Ibrahim Bin Mohamed,3393
Eric Drath,3394
Anthony Chan,3395
Todd Phillips,3396
Yat-Tak Yeung,3397
Ketan Mehta,3398
Deep Joshi,3399
Coerte Voorhees,3400
John Voorhees,3400
Andres Felipe Orjuela,3401
Husam El-Gohari,3402
John Duigan,3403
Fernando Ayllón,3404
Mohammed Hussain,3406
Guddu Dhanoa,3407
Robert Vince,3408
Alo Sarkar,3409
Arne Birkenstock,3410
Yacine Belhousse,3411
Amarjit Virdi,3412
Mahmoud Karim,3413
Jim Tshirt,3414
Michael Feifer,3415
Ram Gopal Varma,3416
John Barnard,3417
Will Forbes,3418
Tathagata Banerjee,3419
Parveen Kumar,3420
Raúl Campos,3421
Jan Suter,3421
Jianming Huang,3422
Priyadarshan,3423
A. Salaam,3424
Raj Kaushal,3425
Kabir Sadanand,3428
Pei-Chuan Li,3429
Ashok Nanda,3430
Nicholas Kharkongor,3431
Julio Fernandez Talamantes,3432
Joe Chalissery,3433
Pramod Pawar,3434
Ram Gopal Varma,3435
Michael James Regan,3436
Raúl Campos,3437
Jan Suter,3437
Nadia Hallgren,3438
Johnson Esthappan,3439
Jennifer Lynch,3440
Vishal Mishra,3441
Qaushiq Mukherjee,3442
Henry Sarwer-Foner,3443
Charneice Fox,3444
Neil Rawles,3445
Jon Amiel,3446
Pooja Bhatt,3447
Bertrand Tavernier,3448
Luis Lopez,3449
Charles Uwagbai,3450
Shadi Ali,3451
Michael McKay,3452
Hamad AlSarraf,3453
Sajid Khan,3454
Pedro Flores Maldonado,3455
Apoorva Lakhia,3456
Vineeth Anil,3457
S.A. Zaidi,3458
Satish Kaushik,3459
Hani Hamdi,3460
Keiko Yagi,3461
Halder Gomes,3462
Milan Luthria,3463
Hardik Mehta,3464
Christophe Charrier,3465
Frank E. Johnson,3466
Ekene Som Mekwunye,3467
Marcus Raboy,3468
Rothwell Polk,3475
Joey So,3478
Hani Hamdi,3481
Gary Wang,3482
Paulette Victor-Lifton,3482
Raz Degan,3483
Matt Askem,3485
Mary Borrello,3488
S. Mahesh,3489
Ahmad El-Badri,3490
Jee-woon Kim,3491
Camilla Hall,3493
Anders Falck,3494
Jose Manuel Colón Armario,3496
Tolga Örnek,3498
Athiyan Athirai,3499
Edward Cotterill,3503
Moataz El Tony,3505
Parambrata Chattopadhyay,3506
Kanwal Biala,3509
Latif Faiziyev,3509
Umesh Mehra,3509
Jean-François Richet,3510
Santwana Bardoloi,3512
Amr Arafa,3515
Rajveer Singh Maan,3516
Ozan Açiktan,3520
Riri Riza,3521
Richard Hickey,3522
Nick Hatton Jones,3522
Agasyah Karim,3523
Khalid Kashogi,3523
Ignacio López Escrivá,3527
Alexandre Reinecke,3528
Rosauro Adorable,3530
Tilak Shetty,3533
Dileep Narayanan,3535
Ed Lilly,3536
Charlie Lightening,3539
Eric Idle,3542
Aubrey Powell,3542
Buta Singh,3543
S.S. Rajan,3545
Tilak Shetty,3547
Tilak Shetty,3556
Joydip Mukherjee,3559
Zakir Hossain,3559
Alfonso Rodriguez,3560
